Judet,Localitate,Populatie 
ALBA,MUNICIPIUL ALBA IULIA,64227
ALBA,MUNICIPIUL AIUD,21307
ALBA,MUNICIPIUL BLAJ,17816
ALBA,MUNICIPIUL SEBE?,26490
ALBA,ORA? ABRUD,4360
ALBA,ORA? BAIA DE ARIE?,3035
ALBA,ORA? CÂMPENI,6569
ALBA,ORA? CUGIR,19473
ALBA,ORA? OCNA MURE?,12480
ALBA,ORA? TEIU?,6308
ALBA,ORA? ZLATNA,6652
ALBA,ALBAC,1846
ALBA,ALMA?U MARE,1048
ALBA,ARIE?ENI,1464
ALBA,AVRAM IANCU,1271
ALBA,BERGHIN,1672
ALBA,BISTRA,4340
ALBA,BLANDIANA,818
ALBA,BUCERDEA GRÂNOASA,2169
ALBA,BUCIUM,1272
ALBA,CÂLNIC,1810
ALBA,CENADE,1031
ALBA,CERGAU,1509
ALBA,CERU-BACAIN?I,227
ALBA,CETATEA DE BALTA,2792
ALBA,CIUGUD,3285
ALBA,CIURULEASA,1110
ALBA,CRACIUNELU DE JOS,1954
ALBA,CRICAU,1879
ALBA,CUT,1054
ALBA,DAIA ROMÂNA,3051
ALBA,DO?TAT,980
ALBA,FARAU,1303
ALBA,GALDA DE JOS,4373
ALBA,GÂRBOVA,1867
ALBA,GÂRDA DE SUS,1415
ALBA,HOPÂRTA,1128
ALBA,HOREA,1774
ALBA,IGHIU,6543
ALBA,ÂNTREGALDE,459
ALBA,JIDVEI,5020
ALBA,LIVEZILE,1041
ALBA,LOPADEA NOUA,2359
ALBA,LUNCA MURE?ULUI,2297
ALBA,LUP?A,2732
ALBA,METE?,2564
ALBA,MIHAL?,3096
ALBA,MIRASLAU,1805
ALBA,MOGO?,647
ALBA,NO?LAC,1625
ALBA,OCOLI?,479
ALBA,OHABA,538
ALBA,PIANU,3375
ALBA,POIANA VADULUI,942
ALBA,PONOR,475
ALBA,PO?AGA,835
ALBA,RADE?TI,1175
ALBA,RÂME?,426
ALBA,RÂMETEA,1015
ALBA,RO?IA DE SECA?,1405
ALBA,RO?IA MONTANA,2428
ALBA,SALCIUA,1271
ALBA,SALI?TEA,2155
ALBA,SÂNCEL,2255
ALBA,SÂNTIMBRU,3032
ALBA,SASCIORI,5820
ALBA,SCARI?OARA,1391
ALBA,?IBOT,2100
ALBA,SOHODOL,1540
ALBA,?ONA,3782
ALBA,?PRING,2354
ALBA,STREM?,2321
ALBA,?UGAG,2602
ALBA,UNIREA,4497
ALBA,VADU MO?ILOR,1187
ALBA,VALEA LUNGA,2904
ALBA,VIDRA,1367
ALBA,VIN?U DE JOS,4923
,ARAD,410143
ARAD,MUNICIPIUL ARAD,145078
ARAD,ORA? CHI?INEU-CRI?,7212
ARAD,ORA? CURTICI,7279
ARAD,ORA? INEU,8807
ARAD,ORA? LIPOVA,10040
ARAD,ORA? NADLAC,6713
ARAD,ORA? PÂNCOTA,6787
ARAD,ORA? PECICA,11950
ARAD,ORA? SÂNTANA,12460
ARAD,ORA? SEBI?,5410
ARAD,ALMA?,2191
ARAD,APATEU,3129
ARAD,ARCHI?,1333
ARAD,BÂRSA,1623
ARAD,BÂRZAVA,2575
ARAD,BATA,1046
ARAD,BELIU,2936
ARAD,BIRCHI?,1707
ARAD,BOCSIG,3068
ARAD,BRAZII,1108
ARAD,BUTENI,3262
ARAD,CARAND,1017
ARAD,CERMEI,2537
ARAD,CHISINDIA,1146
ARAD,CONOP,2096
ARAD,COVASIN?,2494
ARAD,CRAIVA,2619
ARAD,DEZNA,999
ARAD,DIECI,1388
ARAD,DOROBAN?I,1509
ARAD,FÂNTÂNELE,3273
ARAD,FELNAC,2913
ARAD,FRUMU?ENI,2600
ARAD,GHIOROC,3871
ARAD,GRANICERI,2203
ARAD,GURAHON?,3575
ARAD,HALMAGEL,973
ARAD,HALMAGIU,2297
ARAD,HA?MA?,1130
ARAD,IGNE?TI,601
ARAD,IRATO?U,2324
ARAD,LIVADA,3813
ARAD,MACEA,5722
ARAD,MI?CA,3689
ARAD,MONEASA,738
ARAD,OLARI,1903
ARAD,PAULI?,4234
ARAD,PEREGU MARE,1538
ARAD,PETRI?,1283
ARAD,PILU,2078
ARAD,PLE?CU?A,1008
ARAD,?AGU,3863
ARAD,SAVÂR?IN,2990
ARAD,SECUSIGIU,5534
ARAD,?EITIN,2801
ARAD,SELEU?,2997
ARAD,SEMLAC,3474
ARAD,?EPREU?,2752
ARAD,?ICULA,4002
ARAD,?ILINDIA,858
ARAD,?IMAND,3876
ARAD,SINTEA MARE,3417
ARAD,?IRIA,8451
ARAD,?I?TAROVA?,340
ARAD,SOCODOR,2317
ARAD,?OFRONEA,2887
ARAD,TÂRNOVA,5625
ARAD,TAU?,1498
ARAD,USUSAU,1415
ARAD,VARADIA DE MURE?,1610
ARAD,VÂRFURILE,2246
ARAD,VINGA,6083
ARAD,VLADIMIRESCU,12772
ARAD,ZABRANI,3661
ARAD,ZADARENI,2758
ARAD,ZARAND,2669
ARAD,ZERIND,1299
ARAD,ZIMANDU NOU,4663
,ARGES,569932
ARGES,MUNICIPIUL PITE?TI,141275
ARGES,MUNICIPIUL CÂMPULUNG,27574
ARGES,MUNICIPIUL CURTEA DE ARGE?,25977
ARGES,ORA? COSTE?TI,9460
ARGES,ORA? MIOVENI,29317
ARGES,ORA? ?TEFANE?TI,15931
ARGES,ORA? TOPOLOVENI,9373
ARGES,ALBE?TII DE ARGE?,5558
ARGES,ALBE?TII DE MUSCEL,1345
ARGES,ALBOTA,4037
ARGES,ANINOASA,3190
ARGES,AREFU,2040
ARGES,BABANA,3210
ARGES,BAICULE?TI,5577
ARGES,BALILE?TI,3670
ARGES,BÂRLA,4116
ARGES,BASCOV,11151
ARGES,BELE?I-NEGRE?TI,1740
ARGES,BEREVOE?TI,3307
ARGES,BOGA?I,4038
ARGES,BOTENI,2116
ARGES,BO?E?TI,1035
ARGES,BRADU,10032
ARGES,BRADULE?,1578
ARGES,BUDEASA,4201
ARGES,BUGHEA DE JOS,2950
ARGES,BUGHEA DE SUS,2966
ARGES,BUZOE?TI,5056
ARGES,CALDARARU,2064
ARGES,CALINE?TI,10813
ARGES,CATEASCA,3716
ARGES,CEPARI,1900
ARGES,CETA?ENI,2732
ARGES,CICANE?TI,1930
ARGES,CIOFRÂNGENI,1980
ARGES,CIOMAGE?TI,930
ARGES,COCU,2068
ARGES,CORBENI,5255
ARGES,CORBI,3420
ARGES,CO?E?TI,5046
ARGES,COTMEANA,1849
ARGES,CUCA,1837
ARGES,DÂMBOVICIOARA,815
ARGES,DÂRMANE?TI,3307
ARGES,DAVIDE?TI,3029
ARGES,DOBRE?TI,1650
ARGES,DOMNE?TI,3142
ARGES,DRAGANU,1972
ARGES,DRAGOSLAVELE,2474
ARGES,GODENI,2535
ARGES,HÂRSE?TI,2067
ARGES,HÂRTIE?TI,2216
ARGES,IZVORU,2031
ARGES,LEORDENI,5169
ARGES,LERE?TI,4124
ARGES,LUNCA CORBULUI,2485
ARGES,MALURENI,4469
ARGES,MARACINENI,5322
ARGES,MERI?ANI,4510
ARGES,MICE?TI,4610
ARGES,MIHAE?TI,5726
ARGES,MIOARELE,1442
ARGES,MIRO?I,1949
ARGES,MORARE?TI,1739
ARGES,MO?OAIA,7883
ARGES,MOZACENI,1912
ARGES,MU?ATE?TI,3240
ARGES,NEGRA?I,1911
ARGES,NUC?OARA,1222
ARGES,OARJA,2692
ARGES,PIETRO?ANI,5320
ARGES,POIANA LACULUI,6136
ARGES,POIENARII DE ARGE?,923
ARGES,POIENARII DE MUSCEL,2928
ARGES,POPE?TI,1600
ARGES,PRIBOIENI,3274
ARGES,RÂCA,951
ARGES,RATE?TI,2779
ARGES,RECEA,2430
ARGES,ROCIU,2298
ARGES,RUCAR,5259
ARGES,SALATRUCU,1971
ARGES,SAPATA,1513
ARGES,SCHITU GOLE?TI,4683
ARGES,SLOBOZIA,4209
ARGES,STÂLPENI,4418
ARGES,?TEFAN CEL MARE,2103
ARGES,STOENE?TI,3895
ARGES,STOLNICI,2860
ARGES,?UICI,2025
ARGES,SUSENI,3154
ARGES,TEIU,1276
ARGES,TIGVENI,3197
ARGES,?I?E?TI,5232
ARGES,UDA,1700
ARGES,UNGHENI,2349
ARGES,VALEA DANULUI,2789
ARGES,VALEA IA?ULUI,2436
ARGES,VALEA MARE PRAVA?,4011
ARGES,VEDEA,3459
ARGES,VLADE?TI,2978
,VULTURE?TI,2773
,BACAU,601387
BACAU,MUNICIPIUL BACAU,136087
BACAU,MUNICIPIUL MOINE?TI,19728
BACAU,MUNICIPIUL ONE?TI,34005
BACAU,ORA? BUHU?I,14152
BACAU,ORA? COMANE?TI,19996
BACAU,ORA? DARMANE?TI,13069
BACAU,ORA? SLANIC-MOLDOVA,4011
BACAU,ORA? TÂRGU OCNA,10410
BACAU,AGA?,5247
BACAU,ARDEOANI,2093
BACAU,ASAU,5475
BACAU,BALCANI,6742
BACAU,BÂRSANE?TI,4258
BACAU,BERE?TI-BISTRI?A,2175
BACAU,BERE?TI-TAZLAU,5337
BACAU,BERZUN?I,4637
BACAU,BLAGE?TI,6815
BACAU,BOGDANE?TI,2399
BACAU,BRUSTUROASA,3120
BACAU,BUCIUMI,3265
BACAU,BUHOCI,4437
BACAU,CAIU?I,4766
BACAU,CA?IN,3586
BACAU,CLEJA,5320
BACAU,COLONE?TI,2015
BACAU,CORBASCA,4811
BACAU,CO?OFANE?TI,3306
BACAU,DAMIENE?TI,1614
BACAU,DEALU MORII,2549
BACAU,DOFTEANA,10236
BACAU,FARAOANI,5200
BACAU,FILIPENI,2132
BACAU,FILIPE?TI,4275
BACAU,GAICEANA,2467
BACAU,GÂRLENI,6081
BACAU,GHIME?-FAGET,4928
BACAU,GIOSENI,3427
BACAU,GLAVANE?TI,3001
BACAU,GURA VAII,4221
BACAU,HELEGIU,5934
BACAU,HEMEIU?,6523
BACAU,HORGE?TI,5267
BACAU,HURUIE?TI,2029
BACAU,ITE?TI,1374
BACAU,IZVORU BERHECIULUI,1606
BACAU,LETEA VECHE,6799
BACAU,LIPOVA,2853
BACAU,LIVEZI,5094
BACAU,LUIZI-CALUGARA,4802
BACAU,MAGIRE?TI,3552
BACAU,MAGURA,5647
BACAU,MANASTIREA CA?IN,4922
BACAU,MARGINENI,9594
BACAU,MOTO?ENI,2905
BACAU,NEGRI,2516
BACAU,NICOLAE BALCESCU,8539
BACAU,ODOBE?TI,2295
BACAU,OITUZ,8701
BACAU,ONCE?TI,1406
BACAU,ORBENI,3605
BACAU,PALANCA,3065
BACAU,PÂNCE?TI,3652
BACAU,PARAVA,3267
BACAU,PÂRGARE?TI,3790
BACAU,PARINCEA,3372
BACAU,PÂRJOL,5555
BACAU,PLOPANA,2837
BACAU,PODU TURCULUI,4306
BACAU,PODURI,7367
BACAU,PRAJE?TI,2132
BACAU,RACACIUNI,7069
BACAU,RACHITOASA,4156
BACAU,RACOVA,3433
BACAU,RO?IORI,2006
BACAU,SANDULENI,4106
BACAU,SARATA,2257
BACAU,SASCUT,8085
BACAU,SAUCE?TI,5386
BACAU,SCOR?ENI,2469
BACAU,SECUIENI,2098
BACAU,SOLON?,3109
BACAU,STANI?E?TI,3945
BACAU,?TEFAN CEL MARE,5140
BACAU,STRUGARI,2307
BACAU,TAMA?I,2885
BACAU,TÂRGU TROTU?,5330
BACAU,TATARA?TI,1857
BACAU,TRAIAN,2512
BACAU,UNGURENI,3532
BACAU,URECHE?TI,3359
BACAU,VALEA SEACA,3727
BACAU,VULTURENI,1552
BACAU,ZEME?,4368
,BIHOR,551297
BIHOR,MUNICIPIUL ORADEA,183105
BIHOR,MUNICIPIUL BEIU?,9745
BIHOR,MUNICIPIUL MARGHITA,13573
BIHOR,MUNICIPIUL SALONTA,15792
BIHOR,ORA? ALE?D,9662
BIHOR,ORA? NUCET,1987
BIHOR,ORA? SACUENI,10720
BIHOR,ORA? ?TEI,5398
BIHOR,ORA? VALEA LUI MIHAI,8969
BIHOR,ORA? VA?CAU,2025
BIHOR,ABRAM,2728
BIHOR,ABRAMU?,3080
BIHOR,A?TILEU,3134
BIHOR,AU?EU,2702
BIHOR,AVRAM IANCU,3043
BIHOR,BALC,2924
BIHOR,BATAR,4922
BIHOR,BIHARIA,4393
BIHOR,BOIANU MARE,1028
BIHOR,BOROD,3742
BIHOR,BOR?,4267
BIHOR,BRATCA,4554
BIHOR,BRUSTURI,3037
BIHOR,BUDUREASA,2553
BIHOR,BUDUSLAU,1799
BIHOR,BULZ,1903
BIHOR,BUNTE?TI,4090
BIHOR,CABE?TI,1756
BIHOR,CÂMPANI,2111
BIHOR,CAPÂLNA,1282
BIHOR,CARPINET,1607
BIHOR,CEFA,2200
BIHOR,CEICA,3422
BIHOR,CETARIU,2035
BIHOR,CHERECHIU,2248
BIHOR,CHI?LAZ,3057
BIHOR,CIUMEGHIU,4260
BIHOR,COCIUBA MARE,2724
BIHOR,COPACEL,2002
BIHOR,CRI?TIORU DE JOS,1154
BIHOR,CURA?ELE,2319
BIHOR,CURTUI?ENI,3657
BIHOR,DERNA,1978
BIHOR,DIOSIG,6546
BIHOR,DOBRE?TI,5307
BIHOR,DRAGANE?TI,2590
BIHOR,DRAGE?TI,2858
BIHOR,FINI?,3245
BIHOR,GEPIU,2216
BIHOR,GIRI?U DE CRI?,3772
BIHOR,HIDI?ELU DE SUS,3259
BIHOR,HOLOD,3221
BIHOR,HUSASAU DE TINCA,2429
BIHOR,INEU,4759
BIHOR,LAZARENI,3510
BIHOR,LAZURI DE BEIU?,1487
BIHOR,LUGA?U DE JOS,3879
BIHOR,LUNCA,2429
BIHOR,MADARAS,3014
BIHOR,MAGE?TI,2504
BIHOR,NOJORID,6765
BIHOR,OLCEA,2583
BIHOR,O?ORHEI,8536
BIHOR,PALEU,3765
BIHOR,PIETROASA,3014
BIHOR,POCOLA,1395
BIHOR,POMEZEU,2389
BIHOR,POPE?TI,6427
BIHOR,RABAGANI,1997
BIHOR,REMETEA,2715
BIHOR,RIENI,2549
BIHOR,RO?IA,2285
BIHOR,RO?IORI,2653
BIHOR,SACADAT,1784
BIHOR,SALACEA,2941
BIHOR,SALARD,4305
BIHOR,SÂMBATA,1267
BIHOR,SÂNIOB,2237
BIHOR,SÂNMARTIN,12448
BIHOR,SÂNNICOLAU ROMÂN,2650
BIHOR,SÂNTANDREI,9025
BIHOR,SÂRBI,2345
BIHOR,?IMIAN,3540
BIHOR,?INTEU,996
BIHOR,?OIMI,2321
BIHOR,SPINU?,1166
BIHOR,?UNCUIU?,2963
BIHOR,SUPLACU DE BARCAU,3813
BIHOR,TAMA?EU,1990
BIHOR,TARCAIA,1799
BIHOR,TARCEA,2510
BIHOR,TAUTEU,4206
BIHOR,?E?CHEA,3376
BIHOR,TILEAGD,5998
BIHOR,TINCA,7429
BIHOR,TOBOLIU,2050
BIHOR,TULCA,2504
BIHOR,UILEACU DE BEIU?,1793
BIHOR,VADU CRI?ULUI,3784
BIHOR,VÂRCIOROG,2003
BIHOR,VII?OARA,1269
,BISTRITA-NASAUD,295988
BISTRITA-NASAUD,MUNICIPIUL BISTRI?A,78877
BISTRITA-NASAUD,ORA? BECLEAN,11260
BISTRITA-NASAUD,ORA? NASAUD,10215
BISTRITA-NASAUD,ORA? SÂNGEORZ-BAI,10931
BISTRITA-NASAUD,BISTRI?A BÂRGAULUI,4193
BISTRITA-NASAUD,BRANI?TEA,2780
BISTRITA-NASAUD,BUDACU DE JOS,3289
BISTRITA-NASAUD,BUDE?TI,1780
BISTRITA-NASAUD,CAIANU MIC,4112
BISTRITA-NASAUD,CETATE,2617
BISTRITA-NASAUD,CHIOCHI?,2629
BISTRITA-NASAUD,CHIUZA,2067
BISTRITA-NASAUD,CICEU-GIURGE?TI,1335
BISTRITA-NASAUD,CICEU-MIHAIE?TI,1175
BISTRITA-NASAUD,CO?BUC,1738
BISTRITA-NASAUD,DUMITRA,5264
BISTRITA-NASAUD,DUMITRI?A,3145
BISTRITA-NASAUD,FELDRU,7378
BISTRITA-NASAUD,GALA?II BISTRI?EI,2257
BISTRITA-NASAUD,ILVA MARE,2338
BISTRITA-NASAUD,ILVA MICA,3164
BISTRITA-NASAUD,JOSENII BÂRGAULUI,5079
BISTRITA-NASAUD,LECHIN?A,5469
BISTRITA-NASAUD,LE?U,2626
BISTRITA-NASAUD,LIVEZILE,4952
BISTRITA-NASAUD,LUNCA ILVEI,3152
BISTRITA-NASAUD,MAGURA ILVEI,1957
BISTRITA-NASAUD,MAIERU,7579
BISTRITA-NASAUD,MARI?ELU,2246
BISTRITA-NASAUD,MATEI,2332
BISTRITA-NASAUD,MICE?TII DE CÂMPIE,915
BISTRITA-NASAUD,MILA?,1190
BISTRITA-NASAUD,MONOR,1231
BISTRITA-NASAUD,NEGRILE?TI,2071
BISTRITA-NASAUD,NIMIGEA,5434
BISTRITA-NASAUD,NU?ENI,2814
BISTRITA-NASAUD,PARVA,2476
BISTRITA-NASAUD,PETRU RARE?,3399
BISTRITA-NASAUD,POIANA ILVEI,1353
BISTRITA-NASAUD,PRUNDU BÂRGAULUI,5924
BISTRITA-NASAUD,REBRA,2785
BISTRITA-NASAUD,REBRI?OARA,4209
BISTRITA-NASAUD,RODNA,6003
BISTRITA-NASAUD,ROMULI,1714
BISTRITA-NASAUD,RUNCU SALVEI,1229
BISTRITA-NASAUD,SALVA,2491
BISTRITA-NASAUD,SÂNMIHAIU DE CÂMPIE,1167
BISTRITA-NASAUD,?AN?,3247
BISTRITA-NASAUD,?IEU,2932
BISTRITA-NASAUD,?IEU-MAGHERU?,4540
BISTRITA-NASAUD,?IEU-ODORHEI,2219
BISTRITA-NASAUD,?IEU?,2417
BISTRITA-NASAUD,SILIVA?U DE CÂMPIE,841
BISTRITA-NASAUD,?INTEREAG,3737
BISTRITA-NASAUD,SPERMEZEU,3445
BISTRITA-NASAUD,TÂRLI?UA,2892
BISTRITA-NASAUD,TEACA,4991
BISTRITA-NASAUD,TELCIU,5498
BISTRITA-NASAUD,TIHA BÂRGAULUI,6443
BISTRITA-NASAUD,URIU,3414
BISTRITA-NASAUD,URMENI?,1677
BISTRITA-NASAUD,ZAGRA,3354
,BOTOSANI,392821
BOTOSANI,MUNICIPIUL BOTO?ANI,90010
BOTOSANI,MUNICIPIUL DOROHOI,22893
BOTOSANI,ORA? BUCECEA,4171
BOTOSANI,ORA? DARABANI,11948
BOTOSANI,ORA? FLAMÂNZI,10561
BOTOSANI,ORA? SAVENI,6447
BOTOSANI,ORA? ?TEFANE?TI,5032
BOTOSANI,ADA?ENI,1328
BOTOSANI,ALBE?TI,6260
BOTOSANI,AVRAMENI,3311
BOTOSANI,BALU?ENI,4441
BOTOSANI,BLÂNDE?TI,1640
BOTOSANI,BRAE?TI,1868
BOTOSANI,BROSCAU?I,2915
BOTOSANI,CALARA?I,3285
BOTOSANI,CÂNDE?TI,1920
BOTOSANI,CONCE?TI,1780
BOTOSANI,COPALAU,3996
BOTOSANI,CORDARENI,1887
BOTOSANI,CORLATENI,1736
BOTOSANI,CORNI,5761
BOTOSANI,CO?ULA,3152
BOTOSANI,CO?U?CA,4126
BOTOSANI,CRISTE?TI,4907
BOTOSANI,CRISTINE?TI,3489
BOTOSANI,CURTE?TI,6133
BOTOSANI,DÂNGENI,3053
BOTOSANI,DERSCA,3240
BOTOSANI,DIMACHENI,1338
BOTOSANI,DOBÂRCENI,2253
BOTOSANI,DRAGU?ENI,3360
BOTOSANI,DURNE?TI,3349
BOTOSANI,FRUMU?ICA,5098
BOTOSANI,GEORGE ENESCU,3104
BOTOSANI,GORBANE?TI,3148
BOTOSANI,HANE?TI,2562
BOTOSANI,HAVÂRNA,4193
BOTOSANI,HILI?EU-HORIA,3312
BOTOSANI,HLIPICENI,3016
BOTOSANI,HUDE?TI,5647
BOTOSANI,IBANE?TI,3660
BOTOSANI,LEORDA,2236
BOTOSANI,LOZNA,1862
BOTOSANI,LUNCA,3787
BOTOSANI,MANOLEASA,2990
BOTOSANI,MIHAI EMINESCU,8638
BOTOSANI,MIHAILENI,2075
BOTOSANI,MIHALA?ENI,2123
BOTOSANI,MILEANCA,2107
BOTOSANI,MITOC,1690
BOTOSANI,NIC?ENI,2509
BOTOSANI,PALTINI?,4145
BOTOSANI,POMÂRLA,2533
BOTOSANI,PRAJENI,3267
BOTOSANI,RACHI?I,5212
BOTOSANI,RADAU?I-PRUT,2667
BOTOSANI,RAU?ENI,2191
BOTOSANI,RIPICENI,3771
BOTOSANI,ROMA,3513
BOTOSANI,ROMÂNE?TI,1902
BOTOSANI,SANTA MARE,2418
BOTOSANI,?ENDRICENI,3868
BOTOSANI,STAUCENI,3873
BOTOSANI,?TIUBIENI,2278
BOTOSANI,SUHARAU,3811
BOTOSANI,SULI?A,2645
BOTOSANI,TODIRENI,3344
BOTOSANI,TRU?E?TI,4621
BOTOSANI,TUDORA,4852
BOTOSANI,UNGURENI,6096
BOTOSANI,UN?ENI,2450
BOTOSANI,VACULE?TI,1856
BOTOSANI,VÂRFU CÂMPULUI,7077
BOTOSANI,VII?OARA,1551
BOTOSANI,VLADENI,4561
BOTOSANI,VLASINE?TI,2636
BOTOSANI,VORNICENI,3700
BOTOSANI,VORONA,6636
,BRASOV,546615
BRASOV,MUNICIPIUL BRA?OV,237589
BRASOV,MUNICIPIUL CODLEA,20534
BRASOV,MUNICIPIUL FAGARA?,26284
BRASOV,MUNICIPIUL SACELE,30920
BRASOV,ORA? GHIMBAV,7208
BRASOV,ORA? PREDEAL,4020
BRASOV,ORA? RÂ?NOV,15920
BRASOV,ORA? RUPEA,4907
BRASOV,ORA? VICTORIA,6446
BRASOV,ORA? ZARNE?TI,21624
BRASOV,APA?A,3275
BRASOV,AUGUSTIN,2010
BRASOV,BECLEAN,2002
BRASOV,BOD,5097
BRASOV,BRAN,4866
BRASOV,BUDILA,4926
BRASOV,BUNE?TI,2498
BRASOV,CA?A,2571
BRASOV,CINCU,1681
BRASOV,COMANA,2803
BRASOV,CRISTIAN,6292
BRASOV,CRIZBAV,2952
BRASOV,DRAGU?,971
BRASOV,DUMBRAVI?A,4633
BRASOV,FELDIOARA,6311
BRASOV,FUNDATA,683
BRASOV,HALCHIU,4560
BRASOV,HARMAN,7154
BRASOV,HÂRSENI,2508
BRASOV,HOGHIZ,4896
BRASOV,HOLBAV,1234
BRASOV,HOMOROD,2260
BRASOV,JIBERT,2260
BRASOV,LISA,1800
BRASOV,MAIERU?,3138
BRASOV,MÂNDRA,2788
BRASOV,MOIECIU,4556
BRASOV,ORMENI?,2045
BRASOV,PARAU,2091
BRASOV,POIANA MARULUI,2956
BRASOV,PREJMER,8647
BRASOV,RACO?,3345
BRASOV,RECEA,3236
BRASOV,SÂMBATA DE SUS,1610
BRASOV,SÂNPETRU,11794
BRASOV,?ERCAIA,2865
BRASOV,?INCA,3521
BRASOV,?INCA NOUA,1632
BRASOV,?OAR?,1738
BRASOV,TARLUNGENI,12067
BRASOV,TELIU,4468
BRASOV,TICU?U,960
BRASOV,UCEA,2084
BRASOV,UNGRA,2009
BRASOV,VAMA BUZAULUI,3486
BRASOV,VI?TEA,2198
BRASOV,VOILA,2863
BRASOV,VULCAN,4823
,BRAILA,281452
BRAILA,MUNICIPIUL BRAILA,154686
BRAILA,ORA? FAUREI,3008
BRAILA,ORA? IANCA,8969
BRAILA,ORA? ÎNSURA?EI,5870
BRAILA,BARAGANUL,2864
BRAILA,BERTE?TII DE JOS,2929
BRAILA,BORDEI VERDE,2261
BRAILA,CAZASU,3611
BRAILA,CHISCANI,6151
BRAILA,CIOCILE,2192
BRAILA,CIRE?U,2467
BRAILA,DUDE?TI,3035
BRAILA,FRECA?EI,1201
BRAILA,GALBENU,2971
BRAILA,GEMENELE,1609
BRAILA,GRADI?TEA,2115
BRAILA,GROPENI,3022
BRAILA,JIRLAU,2919
BRAILA,MARA?U,2236
BRAILA,MAXINENI,3265
BRAILA,MIRCEA VODA,2812
BRAILA,MOVILA MIRESII,3692
BRAILA,RACOVI?A,892
BRAILA,RÂMNICELU,1846
BRAILA,ROMANU,1602
BRAILA,RO?IORI,2297
BRAILA,SALCIA TUDOR,2220
BRAILA,SCOR?ARU NOU,1085
BRAILA,SILI?TEA,1465
BRAILA,STANCU?A,2950
BRAILA,SURDILA-GAISEANCA,2193
BRAILA,SURDILA-GRECI,1469
BRAILA,?U?E?TI,3945
BRAILA,TICHILE?TI,3419
BRAILA,TRAIAN,2990
BRAILA,TUDOR VLADIMIRESCU,1871
BRAILA,TUFE?TI,4446
BRAILA,ULMU,3151
BRAILA,UNIREA,2235
BRAILA,VADENI,3700
BRAILA,VICTORIA,3323
BRAILA,VI?ANI,2145
BRAILA,VIZIRU,5528
BRAILA,ZAVOAIA,2795
,BUZAU,404979
BUZAU,MUNICIPIUL BUZAU,103481
BUZAU,MUNICIPIUL RÂMNICU SARAT,29774
BUZAU,ORA? NEHOIU,9464
BUZAU,ORA? PATÂRLAGELE,6276
BUZAU,ORA? POGOANELE,6384
BUZAU,AMARU,2090
BUZAU,BALACEANU,1505
BUZAU,BALTA ALBA,2100
BUZAU,BECENI,3630
BUZAU,BERCA,7741
BUZAU,BISOCA,2175
BUZAU,BLAJANI,905
BUZAU,BOLDU,1970
BUZAU,BOZIORU,814
BUZAU,BRADEANU,2077
BUZAU,BRAE?TI,2057
BUZAU,BREAZA,2474
BUZAU,BUDA,2896
BUZAU,C.A. ROSETTI,3049
BUZAU,CALVINI,4424
BUZAU,CANE?TI,623
BUZAU,CATINA,2182
BUZAU,CERNATE?TI,3659
BUZAU,CHILIILE,506
BUZAU,CHIOJDU,2950
BUZAU,CILIBIA,1639
BUZAU,CISLAU,4218
BUZAU,COCHIRLEANCA,4654
BUZAU,COL?I,809
BUZAU,COSTE?TI,4493
BUZAU,COZIENI,1747
BUZAU,FLORICA,1301
BUZAU,GALBINA?I,4208
BUZAU,GHERASENI,3079
BUZAU,GHERGHEASA,2166
BUZAU,GLODEANU SARAT,3730
BUZAU,GLODEANU-SILI?TEA,3364
BUZAU,GREBANU,5144
BUZAU,GURA TEGHII,3003
BUZAU,LARGU,1245
BUZAU,LOPATARI,2999
BUZAU,LUCIU,2591
BUZAU,MAGURA,2089
BUZAU,MÂNZALE?TI,2069
BUZAU,MARACINENI,9653
BUZAU,MARGARITE?TI,478
BUZAU,MEREI,6785
BUZAU,MIHAILE?TI,2137
BUZAU,MOVILA BANULUI,2416
BUZAU,MURGE?TI,727
BUZAU,NAENI,1516
BUZAU,ODAILE,651
BUZAU,PADINA,3451
BUZAU,PANATAU,2072
BUZAU,PARDO?I,315
BUZAU,PÂRSCOV,4957
BUZAU,PIETROASELE,2803
BUZAU,PODGORIA,3266
BUZAU,PO?TA CÂLNAU,5542
BUZAU,PUIE?TI,3371
BUZAU,RACOVI?ENI,1192
BUZAU,RÂMNICELU,4726
BUZAU,ROBEASCA,936
BUZAU,RU?E?U,3173
BUZAU,SAGEATA,4069
BUZAU,SAHATENI,2835
BUZAU,SAPOCA,3391
BUZAU,SARULE?TI,1068
BUZAU,SCOR?OASA,2452
BUZAU,SCUTELNICI,1979
BUZAU,SIRIU,3063
BUZAU,SMEENI,5806
BUZAU,STÂLPU,3033
BUZAU,?INTE?TI,4197
BUZAU,TISAU,4314
BUZAU,TOPLICENI,3987
BUZAU,ULMENI,3146
BUZAU,UNGURIU,1969
BUZAU,VADU PA?II,9726
BUZAU,VÂLCELELE,1372
BUZAU,VALEA RÂMNICULUI,5180
BUZAU,VALEA SALCIEI,529
BUZAU,VERNE?TI,9008
BUZAU,VINTILA VODA,2540
BUZAU,VIPERE?TI,3242
BUZAU,ZARNE?TI,4676
BUZAU,ZIDURI,3476
,CARAS-SEVERIN,246588
CARAS-SEVERIN,MUNICIPIUL RE?I?A,58393
CARAS-SEVERIN,MUNICIPIUL CARANSEBE?,21714
CARAS-SEVERIN,ORA? ANINA,5521
CARAS-SEVERIN,ORA? BAILE HERCULANE,3787
CARAS-SEVERIN,ORA? BOC?A,12949
CARAS-SEVERIN,ORA? MOLDOVA NOUA,9278
CARAS-SEVERIN,ORA? ORAVI?A,9346
CARAS-SEVERIN,ORA? O?ELU RO?U,8497
CARAS-SEVERIN,ARMENI?,2057
CARAS-SEVERIN,BANIA,1480
CARAS-SEVERIN,BAU?AR,2229
CARAS-SEVERIN,BERLI?TE,1003
CARAS-SEVERIN,BERZASCA,2132
CARAS-SEVERIN,BERZOVIA,3247
CARAS-SEVERIN,BOLVA?NI?A,1286
CARAS-SEVERIN,BOZOVICI,2506
CARAS-SEVERIN,BREBU,999
CARAS-SEVERIN,BREBU NOU,166
CARAS-SEVERIN,BUCHIN,1594
CARAS-SEVERIN,BUCO?NI?A,2642
CARAS-SEVERIN,CARA?OVA,2529
CARAS-SEVERIN,CARBUNARI,785
CARAS-SEVERIN,CICLOVA ROMÂNA,1592
CARAS-SEVERIN,CIUCHICI,1019
CARAS-SEVERIN,CIUDANOVI?A,444
CARAS-SEVERIN,CONSTANTIN DAICOVICIU,2649
CARAS-SEVERIN,COPACELE,865
CARAS-SEVERIN,CORNEA,1556
CARAS-SEVERIN,CORNEREVA,2707
CARAS-SEVERIN,CORONINI,1514
CARAS-SEVERIN,DALBO?E?,1364
CARAS-SEVERIN,DOCLIN,1522
CARAS-SEVERIN,DOGNECEA,1768
CARAS-SEVERIN,DOMA?NEA,1053
CARAS-SEVERIN,EFTIMIE MURGU,1296
CARAS-SEVERIN,EZERI?,1505
CARAS-SEVERIN,FÂRLIUG,1736
CARAS-SEVERIN,FOROTIC,1488
CARAS-SEVERIN,GÂRNIC,975
CARAS-SEVERIN,GLIMBOCA,1626
CARAS-SEVERIN,GORUIA,660
CARAS-SEVERIN,GRADINARI,1764
CARAS-SEVERIN,IABLANI?A,1880
CARAS-SEVERIN,LAPU?NICEL,771
CARAS-SEVERIN,LAPU?NICU MARE,1427
CARAS-SEVERIN,LUNCAVI?A,2142
CARAS-SEVERIN,LUPAC,2423
CARAS-SEVERIN,MARGA,900
CARAS-SEVERIN,MAURENI,2556
CARAS-SEVERIN,MEHADIA,3512
CARAS-SEVERIN,MEHADICA,601
CARAS-SEVERIN,NAIDA?,944
CARAS-SEVERIN,OBREJA,3239
CARAS-SEVERIN,OCNA DE FIER,569
CARAS-SEVERIN,PALTINI?,2145
CARAS-SEVERIN,POJEJENA,2488
CARAS-SEVERIN,PRIGOR,2078
CARAS-SEVERIN,RACA?DIA,1930
CARAS-SEVERIN,RAMNA,1399
CARAS-SEVERIN,RUSCA MONTANA,1530
CARAS-SEVERIN,SACU,1443
CARAS-SEVERIN,SASCA MONTANA,1292
CARAS-SEVERIN,SICHEVI?A,1891
CARAS-SEVERIN,SLATINA-TIMI?,2682
CARAS-SEVERIN,SOCOL,1602
CARAS-SEVERIN,?OPOTU NOU,896
CARAS-SEVERIN,TÂRNOVA,1499
CARAS-SEVERIN,TEREGOVA,3446
CARAS-SEVERIN,TICVANIU MARE,1844
CARAS-SEVERIN,TOPLE?,2246
CARAS-SEVERIN,TURNU RUIENI,3131
CARAS-SEVERIN,VALIUG,643
CARAS-SEVERIN,VARADIA,1364
CARAS-SEVERIN,VERME?,1438
CARAS-SEVERIN,VRANI,1007
CARAS-SEVERIN,ZAVOI,3514
CARAS-SEVERIN,ZORLEN?U MARE,873
,CALARASI,283458
CALARASI,MUNICIPIUL CALARA?I,58211
CALARASI,MUNICIPIUL OLTENI?A,22624
CALARASI,ORA? BUDE?TI,7126
CALARASI,ORA? FUNDULEA,6714
CALARASI,ORA? LEHLIU-GARA,5991
CALARASI,ALEXANDRU ODOBESCU,2737
CALARASI,BELCIUGATELE,2476
CALARASI,BORCEA,7219
CALARASI,CASCIOARELE,1546
CALARASI,CHIRNOGI,6629
CALARASI,CHISELET,3104
CALARASI,CIOCANE?TI,3804
CALARASI,CRIVA?,1956
CALARASI,CURCANI,5301
CALARASI,CUZA VODA,4116
CALARASI,DICHISENI,1641
CALARASI,DOR MARUNT,6469
CALARASI,DOROBAN?U,2749
CALARASI,DRAGALINA,7848
CALARASI,DRAGO? VODA,3016
CALARASI,FRASINET,1683
CALARASI,FRUMU?ANI,6124
CALARASI,FUNDENI,5568
CALARASI,GALBINA?I,3704
CALARASI,GRADI?TEA,4499
CALARASI,GURBANE?TI,1148
CALARASI,ILEANA,3236
CALARASI,INDEPENDEN?A,3277
CALARASI,JEGALIA,3858
CALARASI,LEHLIU,2437
CALARASI,LUICA,2032
CALARASI,LUP?ANU,3004
CALARASI,MÂNASTIREA,5137
CALARASI,MITRENI,3730
CALARASI,MODELU,10052
CALARASI,NANA,2284
CALARASI,NICOLAE BALCESCU,1625
CALARASI,PERI?ORU,4705
CALARASI,PLATARE?TI,3955
CALARASI,RADOVANU,3695
CALARASI,ROSE?I,6017
CALARASI,SARULE?TI,3115
CALARASI,SOHATU,2650
CALARASI,?OLDANU,3296
CALARASI,SPAN?OV,4595
CALARASI,?TEFAN CEL MARE,3146
CALARASI,?TEFAN VODA,2235
CALARASI,TAMADAU MARE,2664
CALARASI,ULMENI,4543
CALARASI,ULMU,1345
CALARASI,UNIREA,2531
CALARASI,VÂLCELELE,1665
CALARASI,VALEA ARGOVEI,2314
CALARASI,VASILA?I,4281
CALARASI,VLAD ?EPE?,2031
,CLUJ,679141
CLUJ,MUNICIPIUL CLUJ-NAPOCA,286598
CLUJ,MUNICIPIUL CÂMPIA TURZII,20590
CLUJ,MUNICIPIUL DEJ,31475
CLUJ,MUNICIPIUL GHERLA,19873
CLUJ,MUNICIPIUL TURDA,43319
CLUJ,ORA? HUEDIN,8069
CLUJ,AGHIRE?U,5691
CLUJ,AITON,1061
CLUJ,ALUNI?,1018
CLUJ,APAHIDA,17239
CLUJ,A?CHILEU,1397
CLUJ,BACIU,13922
CLUJ,BAI?OARA,1748
CLUJ,BELI?,1008
CLUJ,BOBÂLNA,1382
CLUJ,BON?IDA,5191
CLUJ,BOR?A,1511
CLUJ,BUZA,1138
CLUJ,CAIANU,2191
CLUJ,CALARA?I,1883
CLUJ,CALA?ELE,2307
CLUJ,CAMARA?U,2591
CLUJ,CAPU?U MARE,3451
CLUJ,CA?EIU,4375
CLUJ,CÂ?CAU,2251
CLUJ,CATINA,1567
CLUJ,CEANU MARE,3333
CLUJ,CHINTENI,4533
CLUJ,CHIUIE?TI,2082
CLUJ,CIUCEA,1293
CLUJ,CIURILA,2003
CLUJ,COJOCNA,4291
CLUJ,CORNE?TI,1325
CLUJ,CUZDRIOARA,3001
CLUJ,DABÂCA,1437
CLUJ,FELEACU,5693
CLUJ,FIZE?U GHERLII,2191
CLUJ,FLORE?TI,52735
CLUJ,FRATA,3791
CLUJ,GÂRBAU,2133
CLUJ,GEACA,1410
CLUJ,GILAU,8980
CLUJ,IARA,3577
CLUJ,ICLOD,3825
CLUJ,IZVORU CRI?ULUI,1424
CLUJ,JICHI?U DE JOS,1049
CLUJ,JUCU,5349
CLUJ,LUNA,4750
CLUJ,MAGURI-RACATAU,2077
CLUJ,MANASTIRENI,1174
CLUJ,MARGAU,1363
CLUJ,MARI?EL,1499
CLUJ,MICA,3459
CLUJ,MIHAI VITEAZU,5575
CLUJ,MINTIU GHERLII,3598
CLUJ,MOCIU,3300
CLUJ,MOLDOVENE?TI,3076
CLUJ,NEGRENI,2281
CLUJ,PALATCA,1133
CLUJ,PANTICEU,1717
CLUJ,PETRE?TII DE JOS,1391
CLUJ,PLOSCO?,540
CLUJ,POIENI,4367
CLUJ,RI?CA,1180
CLUJ,RECEA-CRISTUR,1453
CLUJ,SACUIEU,1369
CLUJ,SÂNCRAIU,1558
CLUJ,SANDULE?TI,1944
CLUJ,SÂNMARTIN,1110
CLUJ,SÂNPAUL,2314
CLUJ,SAVADISLA,4196
CLUJ,SIC,2234
CLUJ,SUATU,1552
CLUJ,?AGA,1588
CLUJ,TRITENII DE JOS,3950
CLUJ,TURENI,2264
CLUJ,UNGURA?,2443
CLUJ,VAD,2311
CLUJ,VALEA IERII,871
CLUJ,VII?OARA,5668
CLUJ,VULTURENI,1535
,CONSTANTA,655997
CONSTANTA,MUNICIPIUL CONSTAN?A,263688
CONSTANTA,MUNICIPIUL MANGALIA,31950
CONSTANTA,MUNICIPIUL MEDGIDIA,34612
CONSTANTA,ORA? CERNAVODA,15088
CONSTANTA,ORA? EFORIE,8630
CONSTANTA,ORA? HÂR?OVA,8737
CONSTANTA,ORA? MURFATLAR,9173
CONSTANTA,ORA? NAVODARI,34398
CONSTANTA,ORA? NEGRU VODA,4616
CONSTANTA,ORA? OVIDIU,13968
CONSTANTA,ORA? TECHIRGHIOL,8061
CONSTANTA,23 AUGUST,5178
CONSTANTA,ADAMCLISI,2044
CONSTANTA,AGIGEA,8722
CONSTANTA,ALBE?TI,3464
CONSTANTA,ALIMAN,2434
CONSTANTA,AMZACEA,2454
CONSTANTA, BANEASA,4883
CONSTANTA,BARAGANU,1916
CONSTANTA,CASTELU,5241
CONSTANTA,CERCHEZU,1256
CONSTANTA,CHIRNOGENI,2959
CONSTANTA,CIOBANU,3409
CONSTANTA,CIOCÂRLIA,3110
CONSTANTA,COBADIN,9122
CONSTANTA,COGEALAC,4686
CONSTANTA,COMANA,1639
CONSTANTA,CORBU,5727
CONSTANTA,COSTINE?TI,3121
CONSTANTA,CRUCEA,3010
CONSTANTA,CUMPANA,14757
CONSTANTA,CUZA VODA,4116
CONSTANTA,DELENI,2223
CONSTANTA,DOBROMIR,3317
CONSTANTA,DUMBRAVENI,453
CONSTANTA,FÂNTÂNELE,1368
CONSTANTA,GÂRLICIU,1376
CONSTANTA,GHINDARE?TI,2557
CONSTANTA,GRADINA,940
CONSTANTA,HORIA,942
CONSTANTA,INDEPENDEN?A,2595
CONSTANTA,ION CORVIN,1715
CONSTANTA,ISTRIA,2321
CONSTANTA,LIMANU,6350
CONSTANTA,LIPNI?A,2876
CONSTANTA,LUMINA,10770
CONSTANTA,MERENI,2054
CONSTANTA,MIHAI VITEAZU,3155
CONSTANTA,MIHAIL KOGALNICEANU,9103
CONSTANTA,MIRCEA VODA,4907
CONSTANTA,NICOLAE BALCESCU,4779
CONSTANTA,OLTINA,2241
CONSTANTA,OSTROV,4586
CONSTANTA,PANTELIMON,1632
CONSTANTA,PECINEAGA,3187
CONSTANTA,PE?TERA,3127
CONSTANTA,POARTA ALBA,5587
CONSTANTA,RASOVA,3347
CONSTANTA,SACELE,1987
CONSTANTA,SALIGNY,2058
CONSTANTA,SARAIU,1082
CONSTANTA,SEIMENI,1872
CONSTANTA,SILI?TEA,1185
CONSTANTA,TÂRGU?OR,1375
CONSTANTA,TOPALU,1517
CONSTANTA,TOPRAISAR,5907
CONSTANTA,TORTOMAN,1547
CONSTANTA,TUZLA,6494
CONSTANTA,VALU LUI TRAIAN,16617
CONSTANTA,VULTURU,679
,COVASNA,200042
COVASNA,MUNICIPIUL SFÂNTU GHEORGHE,50080
COVASNA,MUNICIPIUL TÂRGU SECUIESC,16243
COVASNA,ORA? BARAOLT,7730
COVASNA,ORA? COVASNA,9208
COVASNA,ORA? ÎNTORSURA BUZAULUI,8332
COVASNA,AITA MARE,1626
COVASNA,ARCU?,1722
COVASNA,BARCANI,3822
COVASNA,BA?ANI,4588
COVASNA,BELIN,3181
COVASNA,BIXAD,1585
COVASNA,BODOC,2481
COVASNA,BORO?NEU MARE,3186
COVASNA,BRADU?,4923
COVASNA,BRATE?,1409
COVASNA,BRE?CU,3132
COVASNA,CATALINA,3200
COVASNA,CERNAT,3936
COVASNA,CHICHI?,1540
COVASNA,COMANDAU,822
COVASNA,DALNIC,896
COVASNA,DOBÂRLAU,2275
COVASNA,ESTELNIC,1111
COVASNA,GHELIN?A,4917
COVASNA,GHIDFALAU,2614
COVASNA,HAGHIG,2368
COVASNA,ILIENI,2181
COVASNA,LEMNIA,1708
COVASNA,MALNA?,1024
COVASNA,MERENI,1268
COVASNA,MICFALAU,1635
COVASNA,MOAC?A,1239
COVASNA,OJDULA,3482
COVASNA,OZUN,4213
COVASNA,POIAN,1647
COVASNA,RECI,2259
COVASNA,SÂNZIENI,4408
COVASNA,SITA BUZAULUI,4722
COVASNA,TURIA,3622
COVASNA,VÂLCELE,5559
COVASNA,VALEA CRI?ULUI,2354
COVASNA,VALEA MARE,1066
COVASNA,VÂRGHI?,1472
COVASNA,ZABALA,4332
COVASNA,ZAGON,4924
,DAMBOVITA,479404
DAMBOVITA,MUNICIPIUL TÂRGOVI?TE,66965
DAMBOVITA,MUNICIPIUL MORENI,15472
DAMBOVITA,ORA? FIENI,6378
DAMBOVITA,ORA? GAE?TI,12583
DAMBOVITA,ORA? PUCIOASA,12953
DAMBOVITA,ORA? RACARI,6306
DAMBOVITA,ORA? TITU,9291
DAMBOVITA,ANINOASA,6665
DAMBOVITA,BALENI,7734
DAMBOVITA,BARBULE?U,2005
DAMBOVITA,BEZDEAD,4115
DAMBOVITA,BILCIURE?TI,1876
DAMBOVITA,BRANE?TI,3811
DAMBOVITA,BRANI?TEA,3790
DAMBOVITA,BREZOAELE,3690
DAMBOVITA,BUCIUMENI,4231
DAMBOVITA,BUC?ANI,6092
DAMBOVITA,BUTIMANU,2469
DAMBOVITA,CÂNDE?TI,2579
DAMBOVITA,CIOCANE?TI,5286
DAMBOVITA,COBIA,3083
DAMBOVITA,COJASCA,8025
DAMBOVITA,COMI?ANI,5538
DAMBOVITA,CON?E?TI,4489
DAMBOVITA,CORBII MARI,8298
DAMBOVITA,CORNA?ELU,1684
DAMBOVITA,CORNE?TI,6249
DAMBOVITA,COSTE?TII DIN VALE,3437
DAMBOVITA,CRÂNGURILE,3462
DAMBOVITA,CREVEDIA,8811
DAMBOVITA,DARMANE?TI,4433
DAMBOVITA,DOBRA,3388
DAMBOVITA,DOICE?TI,4224
DAMBOVITA,DRAGODANA,6186
DAMBOVITA,DRAGOMIRE?TI,8835
DAMBOVITA,FINTA,3686
DAMBOVITA,GLODENI,3936
DAMBOVITA,GURA FOII,2059
DAMBOVITA,GURA OCNI?EI,6657
DAMBOVITA,GURA ?U?II,5106
DAMBOVITA,HULUBE?TI,3052
DAMBOVITA,I. L. CARAGIALE,6920
DAMBOVITA,IEDERA,3625
DAMBOVITA,LUCIENI,3138
DAMBOVITA,LUDE?TI,5062
DAMBOVITA,LUNGULE?U,5289
DAMBOVITA,MALU CU FLORI,2404
DAMBOVITA,MANE?TI,5361
DAMBOVITA,MATASARU,4836
DAMBOVITA,MOGO?ANI,4051
DAMBOVITA,MOROENI,5034
DAMBOVITA,MORTENI,2564
DAMBOVITA,MO?AIENI,1876
DAMBOVITA,NICULE?TI,4627
DAMBOVITA,NUCET,3995
DAMBOVITA,OCNI?A,3950
DAMBOVITA,ODOBE?TI,4946
DAMBOVITA,PER?INARI,2519
DAMBOVITA,PETRE?TI,5085
DAMBOVITA,PIETRARI,2186
DAMBOVITA,PIETRO?I?A,3006
DAMBOVITA,POIANA,3495
DAMBOVITA,POTLOGI,8739
DAMBOVITA,PRODULE?TI,3204
DAMBOVITA,PUCHENI,1558
DAMBOVITA,RACIU,3236
DAMBOVITA,RASCAE?I,2051
DAMBOVITA,RÂU ALB,1466
DAMBOVITA,RAZVAD,8729
DAMBOVITA,RUNCU,3555
DAMBOVITA,SALCIOARA,3742
DAMBOVITA,?ELARU,3090
DAMBOVITA,SLOBOZIA MOARA,1988
DAMBOVITA,?OTÂNGA,7077
DAMBOVITA,TARTA?E?TI,6158
DAMBOVITA,TATARANI,5228
DAMBOVITA,ULIE?TI,3923
DAMBOVITA,ULMI,5280
DAMBOVITA,VACARE?TI,5060
DAMBOVITA,VALEA LUNGA,4518
DAMBOVITA,VALEA MARE,2091
DAMBOVITA,VALENI-DÂMBOVI?A,2420
DAMBOVITA,VÂRFURI,1742
DAMBOVITA,VI?INA,3838
DAMBOVITA,VI?INE?TI,1586
DAMBOVITA,VLADENI,2699
DAMBOVITA,VOINE?TI,5911
DAMBOVITA,VULCANA-BAI,2934
DAMBOVITA,VULCANA-PANDELE,4683
,DOLJ,599442
DOLJ,MUNICIPIUL CRAIOVA,234140
DOLJ,MUNICIPIUL BAILE?TI,15928
DOLJ,MUNICIPIUL CALAFAT,13807
DOLJ,ORA? BECHET,4355
DOLJ,ORA? DABULENI,10333
DOLJ,ORA? FILIA?I,15031
DOLJ,ORA? SEGARCEA,7356
DOLJ,AFUMA?I,2646
DOLJ,ALMAJ,1792
DOLJ,AMARA?TII DE JOS,5132
DOLJ,AMARA?TII DE SUS,1541
DOLJ,APELE VII,1804
DOLJ,ARGETOAIA,4331
DOLJ,BÂRCA,3720
DOLJ,BISTRE?,4211
DOLJ,BOTO?E?TI-PAIA,585
DOLJ,BRABOVA,1418
DOLJ,BRADE?TI,4248
DOLJ,BRALO?TI?A,3602
DOLJ,BRATOVOE?TI,3230
DOLJ,BREASTA,4201
DOLJ,BUCOVA?,4011
DOLJ,BULZE?TI,1269
DOLJ,CALARA?I,5195
DOLJ,CALOPAR,3667
DOLJ,CARAULA,2276
DOLJ,CÂRCEA,4644
DOLJ,CÂRNA,1110
DOLJ,CARPEN,2063
DOLJ,CASTRANOVA,3341
DOLJ,CATANE,1959
DOLJ,CELARU,3929
DOLJ,CERAT,4191
DOLJ,CERNATE?TI,1559
DOLJ,CETATE,4572
DOLJ,CIOROIA?I,1463
DOLJ,CIUPERCENII NOI,5003
DOLJ,CO?OVENI,3238
DOLJ,CO?OFENII DIN DOS,2191
DOLJ,CO?OFENII DIN FA?A,2121
DOLJ,DANE?I,5131
DOLJ,DESA,4609
DOLJ,DIO?TI,2534
DOLJ,DOBRE?TI,2015
DOLJ,DOBROTE?TI,1406
DOLJ,DRAGOTE?TI,1899
DOLJ,DRANIC,2260
DOLJ,FARCA?,2047
DOLJ,GALICEA MARE,3962
DOLJ,GALICIUICA,1310
DOLJ,GÂNGIOVA,2312
DOLJ,GHERCE?TI,2132
DOLJ,GHIDICI,2437
DOLJ,GHINDENI,1843
DOLJ,GIGHERA,2899
DOLJ,GIUBEGA,1782
DOLJ,GIURGI?A,2730
DOLJ,GOGO?U,523
DOLJ,GOICEA,2354
DOLJ,GOIE?TI,3138
DOLJ,GRECE?TI,1497
DOLJ,ÎNTORSURA,1291
DOLJ,I?ALNI?A,4042
DOLJ,IZVOARE,1321
DOLJ,LEU,4035
DOLJ,LIPOVU,3208
DOLJ,MACE?U DE JOS,1172
DOLJ,MACE?U DE SUS,1088
DOLJ,MAGLAVIT,3938
DOLJ,MALU MARE,7548
DOLJ,MÂR?ANI,3941
DOLJ,MELINE?TI,3390
DOLJ,MISCHII,1782
DOLJ,MO?A?EI,5920
DOLJ,MURGA?I,2191
DOLJ,NEGOI,2298
DOLJ,ORODEL,2147
DOLJ,OSTROVENI,4451
DOLJ,PERI?OR,1606
DOLJ,PIELE?TI,4666
DOLJ,PISCU VECHI,2370
DOLJ,PLENI?A,4156
DOLJ,PLE?OI,1158
DOLJ,PODARI,6949
DOLJ,POIANA MARE,9047
DOLJ,PREDE?TI,1770
DOLJ,RADOVAN,1150
DOLJ,RAST,3198
DOLJ,ROBANE?TI,2164
DOLJ,ROJI?TE,2498
DOLJ,SADOVA,8361
DOLJ,SALCU?A,2032
DOLJ,SCAE?TI,2101
DOLJ,SEACA DE CÂMP,1631
DOLJ,SEACA DE PADURE,781
DOLJ,SECU,1041
DOLJ,SILI?TEA CRUCII,1248
DOLJ,?IMNICU DE SUS,5733
DOLJ,SOPOT,1646
DOLJ,TALPA?,1049
DOLJ,TEASC,3059
DOLJ,TERPEZI?A,1360
DOLJ,TESLUI,2110
DOLJ,?UGLUI,2734
DOLJ,UNIREA,3350
DOLJ,URZICU?A,2870
DOLJ,VALEA STANCIULUI,4806
DOLJ,VÂRTOP,1666
DOLJ,VÂRVORU DE JOS,2641
DOLJ,VELA,1639
DOLJ,VERBI?A,1056
,GALATI,496892
GALATI,MUNICIPIUL GALA?I,217851
GALATI,MUNICIPIUL TECUCI,32801
GALATI,ORA? BERE?TI,2473
GALATI,ORA? TÂRGU BUJOR,5946
GALATI,BALABANE?TI,1863
GALATI,BALA?E?TI,1891
GALATI,BALENI,1882
GALATI,BANEASA,1992
GALATI,BARCEA,5074
GALATI,BERE?TI-MERIA,3023
GALATI,BRAHA?E?TI,9091
GALATI,BRANI?TEA,3956
GALATI,BUCIUMENI,2156
GALATI,CAVADINE?TI,2445
GALATI,CER?E?TI,1942
GALATI,CORNI,1814
GALATI,COROD,7030
GALATI,COSME?TI,5662
GALATI,COSTACHE NEGRI,2078
GALATI,CUCA,1848
GALATI,CUDALBI,6614
GALATI,CUZA VODA,2281
GALATI,DRAGANE?TI,4802
GALATI,DRAGU?ENI,4456
GALATI,FÂR?ANE?TI,4911
GALATI,FOLTE?TI,3262
GALATI,FRUMU?I?A,5067
GALATI,FUNDENI,3020
GALATI,GHIDIGENI,6212
GALATI,GOHOR,3154
GALATI,GRIVI?A,3293
GALATI,INDEPENDEN?A,4371
GALATI,IVE?TI,9584
GALATI,JORA?TI,1616
GALATI,LIE?TI,8505
GALATI,MASTACANI,3783
GALATI,MATCA,11535
GALATI,MOVILENI,3090
GALATI,MUNTENI,7067
GALATI,NAMOLOASA,1773
GALATI,NEGRILE?TI,2400
GALATI,NICORE?TI,4037
GALATI,OANCEA,1183
GALATI,PECHEA,10197
GALATI,PISCU,4127
GALATI,POIANA,1592
GALATI,PRIPONE?TI,1786
GALATI,RADE?TI,1400
GALATI,REDIU,1610
GALATI,SCÂNTEIE?TI,2283
GALATI,SCHELA,3509
GALATI,?ENDRENI,5065
GALATI,SLOBOZIA CONACHI,3696
GALATI,SMÂRDAN,5342
GALATI,SMUL?I,1296
GALATI,SUCEVENI,1491
GALATI,SUHURLUI,1131
GALATI,?EPU,2189
GALATI,TUDOR VLADIMIRESCU,5032
GALATI,TULUCE?TI,6407
GALATI,UMBRARE?TI,5932
GALATI,VALEA MARULUI,3572
GALATI,VÂNATORI,6926
GALATI,VÂRLEZI,1646
GALATI,VLADE?TI,1829
,GIURGIU,262066
GIURGIU,MUNICIPIUL GIURGIU,54551
GIURGIU,ORA? BOLINTIN-VALE,12806
GIURGIU,ORA? MIHAILE?TI,7760
GIURGIU,ADUNA?II-COPACENI,6881
GIURGIU,BANEASA,4601
GIURGIU,BOLINTIN-DEAL,6194
GIURGIU,BUC?ANI,3462
GIURGIU,BULBUCATA,1650
GIURGIU,BUTURUGENI,4283
GIURGIU,CALUGARENI,5523
GIURGIU,CLEJANI,3503
GIURGIU,COLIBA?I,3186
GIURGIU,COMANA,6531
GIURGIU,COSOBA,2767
GIURGIU,CREVEDIA MARE,4791
GIURGIU,DAIA,2361
GIURGIU,FLORE?TI-STOENE?TI,9456
GIURGIU,FRATE?TI,5000
GIURGIU,GAISENI,5131
GIURGIU,GAUJANI,2223
GIURGIU,GHIMPA?I,5690
GIURGIU,GOGO?ARI,1607
GIURGIU,GOSTINARI,2403
GIURGIU,GOSTINU,1578
GIURGIU,GRADINARI,3217
GIURGIU,GREACA,2148
GIURGIU,HERA?TI,2223
GIURGIU,HOTARELE,3352
GIURGIU,IEPURE?TI,2049
GIURGIU,ISVOARELE,1491
GIURGIU,IZVOARELE,3162
GIURGIU,JOI?A,5438
GIURGIU,LETCA NOUA,3625
GIURGIU,MALU,2056
GIURGIU,MÂR?A,2646
GIURGIU,MIHAI BRAVU,2335
GIURGIU,OGREZENI,4375
GIURGIU,OINACU,3937
GIURGIU,PRUNDU,3707
GIURGIU,PUTINEIU,2128
GIURGIU,RASUCENI,2144
GIURGIU,ROATA DE JOS,7691
GIURGIU,SABARENI,3683
GIURGIU,SCHITU,1660
GIURGIU,SINGURENI,3083
GIURGIU,SLOBOZIA,2251
GIURGIU,STANE?TI,2548
GIURGIU,STOENE?TI,1930
GIURGIU,TOPORU,1695
GIURGIU,ULMI,7869
GIURGIU,VALEA DRAGULUI,2742
GIURGIU,VÂNATORII MICI,4584
GIURGIU,VARA?TI,5819
GIURGIU,VEDEA,2540
,GORJ,314685
GORJ,MUNICIPIUL TÂRGU JIU,73545
GORJ,MUNICIPIUL MOTRU,15950
GORJ,ORA? BUMBE?TI-JIU,7684
GORJ,ORA? NOVACI,5276
GORJ,ORA? ROVINARI,10246
GORJ,ORA? TÂRGU CARBUNE?TI,7616
GORJ,ORA? ?ICLENI,3934
GORJ,ORA? TISMANA,6359
GORJ,ORA? TURCENI,6891
GORJ,ALBENI,2502
GORJ,ALIMPE?TI,1639
GORJ,ANINOASA,3428
GORJ,ARCANI,1363
GORJ,BAIA DE FIER,3832
GORJ,BALANE?TI,2209
GORJ,BALE?TI,7309
GORJ,BÂLTENI,6359
GORJ,BARBATE?TI,1418
GORJ,BENGE?TI-CIOCADIA,3083
GORJ,BERLE?TI,1869
GORJ,BOLBO?I,3140
GORJ,BORASCU,2750
GORJ,BRANE?TI,2178
GORJ,BUMBE?TI-PI?IC,2028
GORJ,BUSTUCHIN,3050
GORJ,CÂLNIC,2214
GORJ,CAPRENI,1970
GORJ,CATUNELE,2569
GORJ,CIUPERCENI,1528
GORJ,CRASNA,4698
GORJ,CRU?ET,3048
GORJ,DANCIULE?TI,1997
GORJ,DANE?TI,4703
GORJ,DRAGOTE?TI,2161
GORJ,DRAGU?E?TI,4969
GORJ,FARCA?E?TI,3253
GORJ,GLOGOVA,1922
GORJ,GODINE?TI,1855
GORJ,HUREZANI,1549
GORJ,IONE?TI,2030
GORJ,JUPÂNE?TI,1854
GORJ,LELE?TI,1779
GORJ,LICURICI,1976
GORJ,LOGRE?TI,2341
GORJ,MATASARI,4694
GORJ,MU?ETE?TI,1819
GORJ,NEGOMIR,3370
GORJ,PADE?,4632
GORJ,PE?TI?ANI,3535
GORJ,PLOP?ORU,5530
GORJ,POLOVRAGI,2693
GORJ,PRIGORIA,2709
GORJ,RO?IA DE AMARADIA,3083
GORJ,RUNCU,5324
GORJ,SACELU,1305
GORJ,SAMARINE?TI,1620
GORJ,SAULE?TI,2061
GORJ,SCHELA,1598
GORJ,SCOAR?A,5529
GORJ,SLIVILE?TI,2780
GORJ,STANE?TI,2232
GORJ,STEJARI,2205
GORJ,STOINA,2133
GORJ,?ÂN?ARENI,5197
GORJ,TELE?TI,3047
GORJ,TURBUREA,3916
GORJ,TURCINE?TI,2058
GORJ,URDARI,2756
GORJ,VAGIULE?TI,2188
GORJ,VLADIMIR,2597
,HARGHITA,291950
HARGHITA,MUNICIPIUL MIERCUREA CIUC,34484
HARGHITA,MUNICIPIUL GHEORGHENI,15884
HARGHITA,MUNICIPIUL ODORHEIU SECUIESC,31335
HARGHITA,MUNICIPIUL TOPLI?A,12609
HARGHITA,ORA? BAILE TU?NAD,1372
HARGHITA,ORA? BALAN,5414
HARGHITA,ORA? BORSEC,2391
HARGHITA,ORA? CRISTURU SECUIESC,8797
HARGHITA,ORA? VLAHI?A,6468
HARGHITA,ATID,2594
HARGHITA,AVRAME?TI,2324
HARGHITA,BILBOR,2328
HARGHITA,BRADE?TI,2122
HARGHITA,CAPÂLNI?A,2036
HARGHITA,CÂR?A,2527
HARGHITA,CICEU,2711
HARGHITA,CIUCSÂNGEORGIU,4876
HARGHITA,CIUMANI,3881
HARGHITA,CORBU,1282
HARGHITA,CORUND,6394
HARGHITA,COZMENI,2125
HARGHITA,DANE?TI,2079
HARGHITA,DÂRJIU,851
HARGHITA,DEALU,4104
HARGHITA,DITRAU,5284
HARGHITA,FELICENI,3448
HARGHITA,FRUMOASA,3581
HARGHITA,GALAU?A?,2039
HARGHITA,JOSENI,5268
HARGHITA,LAZAREA,3313
HARGHITA,LELICENI,2471
HARGHITA,LUETA,3338
HARGHITA,LUNCA DE JOS,5093
HARGHITA,LUNCA DE SUS,3218
HARGHITA,LUPENI,4547
HARGHITA,MADARA?,2093
HARGHITA,MARTINI?,2817
HARGHITA,MERE?TI,1243
HARGHITA,MIHAILENI,2593
HARGHITA,MUGENI,3329
HARGHITA,OCLAND,1270
HARGHITA,PAULENI-CIUC,2057
HARGHITA,PLAIE?II DE JOS,2819
HARGHITA,PORUMBENI,1800
HARGHITA,PRAID,6542
HARGHITA,RACU,1599
HARGHITA,REMETEA,5953
HARGHITA,SACEL,1140
HARGHITA,SÂNCRAIENI,2476
HARGHITA,SÂNDOMINIC,5667
HARGHITA,SÂNMARTIN,2227
HARGHITA,SÂNSIMION,3407
HARGHITA,SÂNTIMBRU,2066
HARGHITA,SARMA?,3366
HARGHITA,SATU MARE,1995
HARGHITA,SECUIENI,2707
HARGHITA,SICULENI,2511
HARGHITA,?IMONE?TI,3416
HARGHITA,SUBCETATE,1684
HARGHITA,SUSENI,4944
HARGHITA,TOME?TI,2430
HARGHITA,TULGHE?,2941
HARGHITA,TU?NAD,2006
HARGHITA,ULIE?,1068
HARGHITA,VAR?AG,1652
HARGHITA,VO?LABENI,1815
HARGHITA,ZETEA,5729
,HUNEDOARA,361657
HUNEDOARA,MUNICIPIUL DEVA,53113
HUNEDOARA,MUNICIPIUL BRAD,12690
HUNEDOARA,MUNICIPIUL HUNEDOARA,50457
HUNEDOARA,MUNICIPIUL LUPENI,18699
HUNEDOARA,MUNICIPIUL ORA?TIE,16825
HUNEDOARA,MUNICIPIUL PETRO?ANI,31044
HUNEDOARA,MUNICIPIUL VULCAN,19772
HUNEDOARA,ORA? ANINOASA,3369
HUNEDOARA,ORA? CALAN,10055
HUNEDOARA,ORA? GEOAGIU,5087
HUNEDOARA,ORA? HA?EG,8793
HUNEDOARA,ORA? PETRILA,19600
HUNEDOARA,ORA? SIMERIA,11268
HUNEDOARA,ORA? URICANI,6669
HUNEDOARA,BACIA,1734
HUNEDOARA,BAIA DE CRI?,2176
HUNEDOARA,BAI?A,3113
HUNEDOARA,BAL?A,753
HUNEDOARA,BANI?A,1092
HUNEDOARA,BARU,2425
HUNEDOARA,BATRÂNA,88
HUNEDOARA,BERIU,3281
HUNEDOARA,BLAJENI,883
HUNEDOARA,BO?OROD,1781
HUNEDOARA,BRANI?CA,1554
HUNEDOARA,BRETEA ROMÂNA,2969
HUNEDOARA,BUCE?,1595
HUNEDOARA,BUCURE?CI,1284
HUNEDOARA,BULZE?TII DE SUS,275
HUNEDOARA,BUNILA,247
HUNEDOARA,BURJUC,734
HUNEDOARA,CÂRJI?I,686
HUNEDOARA,CERBAL,403
HUNEDOARA,CERTEJU DE SUS,2870
HUNEDOARA,CRI?CIOR,3389
HUNEDOARA,DENSU?,1301
HUNEDOARA,DOBRA,3203
HUNEDOARA,GENERAL BERTHELOT,790
HUNEDOARA,GHELARI,1501
HUNEDOARA,GURASADA,1193
HUNEDOARA,HARAU,2026
HUNEDOARA,ILIA,3144
HUNEDOARA,LAPUGIU DE JOS,1460
HUNEDOARA,LELESE,339
HUNEDOARA,LUNCA CERNII DE JOS,758
HUNEDOARA,LUNCOIU DE JOS,1630
HUNEDOARA,MARTINE?TI,939
HUNEDOARA,ORA?TIOARA DE SUS,1910
HUNEDOARA,PESTI?U MIC,1250
HUNEDOARA,PUI,3682
HUNEDOARA,RACHITOVA,1127
HUNEDOARA,RAPOLTU MARE,1788
HUNEDOARA,RÂU DE MORI,2991
HUNEDOARA,RIBI?A,1170
HUNEDOARA,ROMOS,2388
HUNEDOARA,SALA?U DE SUS,2142
HUNEDOARA,SÂNTAMARIA-ORLEA,3132
HUNEDOARA,SARMIZEGETUSA,1018
HUNEDOARA,?OIMU?,3386
HUNEDOARA,TELIUCU INFERIOR,2022
HUNEDOARA,TOME?TI,912
HUNEDOARA,TOPLI?A,624
HUNEDOARA,TOTE?TI,1649
HUNEDOARA,TURDA?,1791
HUNEDOARA,VALI?OARA,1018
HUNEDOARA,VA?A DE JOS,3163
HUNEDOARA,VE?EL,3104
HUNEDOARA,VOR?A,748
HUNEDOARA,ZAM,1585
,IALOMITA,250816
IALOMITA,MUNICIPIUL SLOBOZIA,41550
IALOMITA,MUNICIPIUL FETE?TI,27465
IALOMITA,MUNICIPIUL URZICENI,13380
IALOMITA,ORA? AMARA,6805
IALOMITA,ORA? CAZANE?TI,2938
IALOMITA,ORA? FIERBIN?I-TÂRG,4620
IALOMITA,ORA? ?ANDAREI,12761
IALOMITA,ADÂNCATA,2398
IALOMITA,ALBE?TI,1056
IALOMITA,ALEXENI,2215
IALOMITA,ANDRA?E?TI,1801
IALOMITA,ARMA?E?TI,1861
IALOMITA,AXINTELE,2218
IALOMITA,BALACIU,1607
IALOMITA,BARBULE?TI,7878
IALOMITA,BARCANE?TI,3536
IALOMITA,BORANE?TI,2397
IALOMITA,BORDU?ANI,4414
IALOMITA,BUCU,2305
IALOMITA,BUE?TI,966
IALOMITA,CIOCÂRLIA,761
IALOMITA,CIOCHINA,2766
IALOMITA,CIULNI?A,2338
IALOMITA,COCORA,1899
IALOMITA,COLELIA,989
IALOMITA,COSÂMBE?TI,1853
IALOMITA,CO?ERENI,4195
IALOMITA,DRAGOE?TI,1069
IALOMITA,DRIDU,3213
IALOMITA,FACAENI,4899
IALOMITA,GÂRBOVI,3434
IALOMITA,GHEORGHE DOJA,2230
IALOMITA,GHEORGHE LAZAR,2092
IALOMITA,GIURGENI,1223
IALOMITA,GRINDU,1925
IALOMITA,GRIVI?A,2863
IALOMITA,GURA IALOMI?EI,2258
IALOMITA,ION ROATA,3476
IALOMITA,JILAVELE,3045
IALOMITA,MAIA,1651
IALOMITA,MANASIA,4197
IALOMITA,MARCULE?TI,1433
IALOMITA,MIHAIL KOGALNICEANU,2755
IALOMITA,MILO?E?TI,2127
IALOMITA,MOLDOVENI,1143
IALOMITA,MOVILA,1605
IALOMITA,MOVILI?A,2810
IALOMITA,MUNTENI-BUZAU,2936
IALOMITA,OGRADA,2763
IALOMITA,PERIE?I,3482
IALOMITA,PLATONE?TI,1582
IALOMITA,RADULE?TI,1169
IALOMITA,REVIGA,2373
IALOMITA,RO?IORI,1942
IALOMITA,SALCIOARA,2050
IALOMITA,SARA?ENI,1091
IALOMITA,SAVENI,3042
IALOMITA,SCÂNTEIA,3360
IALOMITA,SFÂNTU GHEORGHE,1841
IALOMITA,SINE?TI,3372
IALOMITA,STELNICA,1649
IALOMITA,SUDI?I,1738
IALOMITA,TRAIAN,3007
IALOMITA,VALEA CIORII,1575
IALOMITA,VALEA MACRI?ULUI,1554
IALOMITA,VLADENI,1870
,IASI,760774
IASI,MUNICIPIUL IA?I,271692
IASI,MUNICIPIUL PA?CANI,30766
IASI,ORA? HÂRLAU,10349
IASI,ORA? PODU ILOAIEI,8992
IASI,ORA? TÂRGU FRUMOS,9597
IASI,ALEXANDRU I. CUZA,2133
IASI,ANDRIE?ENI,3306
IASI,ARONEANU,4338
IASI,BAL?,3021
IASI,BAL?A?I,4778
IASI,BÂRNOVA,7913
IASI,BELCE?TI,10231
IASI,BIVOLARI,3369
IASI,BRAE?TI,3135
IASI,BUTEA,2679
IASI,CEPLENI?A,3560
IASI,CIOHORANI,1709
IASI,CIORTE?TI,3551
IASI,CIUREA,17254
IASI,COARNELE CAPREI,2438
IASI,COMARNA,4221
IASI,COSTE?TI,1494
IASI,COSTULENI,4080
IASI,COTNARI,5843
IASI,COZME?TI,2285
IASI,CRISTE?TI,3761
IASI,CUCUTENI,1103
IASI,DAGÂ?A,4105
IASI,DELENI,8885
IASI,DOBROVA?,2128
IASI,DOLHE?TI,2180
IASI,DRAGU?ENI,1217
IASI,DUME?TI,4252
IASI,ERBICENI,5154
IASI,FÂNTÂNELE,1986
IASI,FOCURI,3729
IASI,GOLAIE?TI,3563
IASI,GORBAN,2461
IASI,GRAJDURI,3687
IASI,GROPNI?A,3102
IASI,GROZE?TI,1364
IASI,HALAUCE?TI,4053
IASI,HARMANE?TI,2344
IASI,HELE?TENI,2142
IASI,HOLBOCA,13697
IASI,HORLE?TI,2529
IASI,ION NECULCE,5503
IASI,IPATELE,1463
IASI,LESPEZI,4701
IASI,LE?CANI,6845
IASI,LUNGANI,6178
IASI,MADÂRJAC,1556
IASI,MIRCE?TI,3338
IASI,MIRONEASA,4422
IASI,MIROSLAVA,28534
IASI,MIROSLOVE?TI,3534
IASI,MOGO?E?TI,4706
IASI,MOGO?E?TI-SIRET,3111
IASI,MO?NA,2421
IASI,MO?CA,5086
IASI,MOVILENI,2895
IASI,O?ELENI,2863
IASI,PLUGARI,3098
IASI,POPE?TI,4287
IASI,POPRICANI,7236
IASI,PRISACANI,3638
IASI,PROBOTA,3277
IASI,RACHITENI,2541
IASI,RADUCANENI,6573
IASI,REDIU,8295
IASI,ROMÂNE?TI,1524
IASI,RO?CANI,1273
IASI,RUGINOASA,5775
IASI,SCÂNTEIA,5505
IASI,?CHEIA,2583
IASI,SCHITU DUCA,3619
IASI,SCOBIN?I,6565
IASI,SINE?TI,3668
IASI,?IPOTE,4714
IASI,SIRE?EL,3726
IASI,STOLNICENI-PRAJESCU,4550
IASI,STRUNGA,3498
IASI,TANSA,2054
IASI,TATARU?I,4619
IASI,?IBANA,6459
IASI,?IBANE?TI,6236
IASI,?IGANA?I,4114
IASI,TODIRE?TI,4645
IASI,TOME?TI,12169
IASI,TRIFE?TI,3425
IASI,?U?ORA,2063
IASI,UNGHENI,3582
IASI,VALEA LUPULUI,14510
IASI,VALEA SEACA,5111
IASI,VÂNATORI,4100
IASI,VICTORIA,3819
IASI,VLADENI,3486
IASI,VOINE?TI,7105
,ILFOV,542704
ILFOV,ORA? BRAGADIRU,40080
ILFOV,ORA? BUFTEA,20586
ILFOV,ORA? CHITILA,14762
ILFOV,ORA? MAGURELE,14414
ILFOV,ORA? OTOPENI,21750
ILFOV,ORA? PANTELIMON,32873
ILFOV,ORA? POPE?TI LEORDENI,53434
ILFOV,ORA? VOLUNTARI,47366
ILFOV,1 DECEMBRIE,8206
ILFOV,AFUMA?I,8748
ILFOV,BALOTE?TI,11210
ILFOV,BERCENI,13766
ILFOV,BRANE?TI,10708
ILFOV,CERNICA,11871
ILFOV,CHIAJNA,43588
ILFOV,CIOLPANI,4830
ILFOV,CIOROGÂRLA,7511
ILFOV,CLINCENI,9480
ILFOV,COPACENI,3129
ILFOV,CORBEANCA,11412
ILFOV,CORNETU,7389
ILFOV,DARA?TI-ILFOV,2865
ILFOV,DASCALU,3497
ILFOV,DOBROE?TI,16875
ILFOV,DOMNE?TI,12861
ILFOV,DRAGOMIRE?TI-VALE,6531
ILFOV,GANEASA,5402
ILFOV,GLINA,9209
ILFOV,GRADI?TEA,3231
ILFOV,GRUIU,7586
ILFOV,JILAVA,10611
ILFOV,MOARA VLASIEI,6597
ILFOV,MOGO?OAIA,9820
ILFOV,NUCI,2860
ILFOV,PERI?,7357
ILFOV,PETRACHIOAIA,3695
ILFOV,SNAGOV,8331
ILFOV,?TEFANE?TII DE JOS,10588
ILFOV,TUNARI,9617
ILFOV,VIDRA,8058
,MARAMURES,452475
MARAMURES,MUNICIPIUL BAIA MARE,108759
MARAMURES,MUNICIPIUL SIGHETU MARMA?IEI,32793
MARAMURES,ORA? BAIA SPRIE,14329
MARAMURES,ORA? BOR?A,27711
MARAMURES,ORA? CAVNIC,4264
MARAMURES,ORA? DRAGOMIRE?TI,3154
MARAMURES,ORA? SALI?TEA DE SUS,4856
MARAMURES,ORA? SEINI,8198
MARAMURES,ORA? ?OMCUTA MARE,7703
MARAMURES,ORA? TÂRGU LAPU?,11163
MARAMURES,ORA? TAU?II-MAGHERAU?,8463
MARAMURES,ORA? ULMENI,7110
MARAMURES,ORA? VI?EU DE SUS,15349
MARAMURES,ARDUSAT,2551
MARAMURES,ARINI?,1081
MARAMURES,ASUAJU DE SUS,1117
MARAMURES,BAI?A DE SUB CODRU,1758
MARAMURES,BAIU?,1990
MARAMURES,BÂRSANA,4122
MARAMURES,BASE?TI,1288
MARAMURES,BICAZ,942
MARAMURES,BISTRA,3716
MARAMURES,BOCICOIU MARE,4260
MARAMURES,BOGDAN VODA,2619
MARAMURES,BOIU MARE,1077
MARAMURES,BOTIZA,2373
MARAMURES,BUDE?TI,2894
MARAMURES,CALINE?TI,3049
MARAMURES,CÂMPULUNG LA TISA,2308
MARAMURES,CERNE?TI,3230
MARAMURES,CICÂRLAU,3751
MARAMURES,COA?,1342
MARAMURES,COLTAU,3106
MARAMURES,COPALNIC-MANA?TUR,5242
MARAMURES,COROIENI,2438
MARAMURES,CUP?ENI,3205
MARAMURES,DESE?TI,2179
MARAMURES,DUMBRAVI?A,4107
MARAMURES,FARCA?A,4096
MARAMURES,GÂRDANI,1311
MARAMURES,GIULE?TI,2841
MARAMURES,GRO?I,3641
MARAMURES,GRO?II ?IBLE?ULUI,2103
MARAMURES,IEUD,4061
MARAMURES,LAPU?,3278
MARAMURES,LEORDINA,2307
MARAMURES,MIRE?U MARE,5030
MARAMURES,MOISEI,9317
MARAMURES,OAR?A DE JOS,982
MARAMURES,OCNA ?UGATAG,3617
MARAMURES,ONCE?TI,1519
MARAMURES,PETROVA,2285
MARAMURES,POIENILE DE SUB MUNTE,9291
MARAMURES,POIENILE IZEI,792
MARAMURES,RECEA,6642
MARAMURES,REMETEA CHIOARULUI,2898
MARAMURES,REME?I,2981
MARAMURES,REPEDEA,4679
MARAMURES,RONA DE JOS,1928
MARAMURES,RONA DE SUS,4171
MARAMURES,ROZAVLEA,2986
MARAMURES,RUSCOVA,5373
MARAMURES,SACALA?ENI,2438
MARAMURES,SACEL,3142
MARAMURES,SALSIG,1663
MARAMURES,SAPÂN?A,3031
MARAMURES,SARASAU,2433
MARAMURES,SATULUNG,6376
MARAMURES,?IEU,2240
MARAMURES,?ISE?TI,5556
MARAMURES,STRÂMTURA,3254
MARAMURES,SUCIU DE SUS,3621
MARAMURES,VADU IZEI,2542
MARAMURES,VALEA CHIOARULUI,2002
MARAMURES,VIMA MICA,1239
MARAMURES,VI?EU DE JOS,5212
,MEHEDINTI,234339
MEHEDINTI,MUNICIPIUL DROBETA-TURNU SEVERIN,79865
MEHEDINTI,MUNICIPIUL OR?OVA,8506
MEHEDINTI,ORA? BAIA DE ARAMA,4478
MEHEDINTI,ORA? STREHAIA,9059
MEHEDINTI,ORA? VÂNJU MARE,5078
MEHEDINTI,BÂCLE?,1586
MEHEDINTI,BALA,3289
MEHEDINTI,BALACI?A,2078
MEHEDINTI,BALTA,976
MEHEDINTI,BÂLVANE?TI,815
MEHEDINTI,BRANI?TEA,1647
MEHEDINTI,BREZNI?A-MOTRU,1155
MEHEDINTI,BREZNI?A-OCOL,3826
MEHEDINTI,BRO?TENI,2572
MEHEDINTI,BURILA MARE,1894
MEHEDINTI,BUTOIE?TI,3263
MEHEDINTI,CAZANE?TI,2006
MEHEDINTI,CIRE?U,483
MEHEDINTI,CORCOVA,5429
MEHEDINTI,CORLA?EL,1162
MEHEDINTI,CUJMIR,2754
MEHEDINTI,DÂRVARI,2090
MEHEDINTI,DEVESEL,3029
MEHEDINTI,DUBOVA,716
MEHEDINTI,DUMBRAVA,1191
MEHEDINTI,E?ELNI?A,2639
MEHEDINTI,FLORE?TI,2311
MEHEDINTI,GÂRLA MARE,3300
MEHEDINTI,GODEANU,497
MEHEDINTI,GOGO?U,3910
MEHEDINTI,GRECI,1067
MEHEDINTI,GROZE?TI,1879
MEHEDINTI,GRUIA,2824
MEHEDINTI,HINOVA,2526
MEHEDINTI,HUSNICIOARA,1064
MEHEDINTI,ILOVA?,1015
MEHEDINTI,ILOVI?A,1238
MEHEDINTI,ISVERNA,2069
MEHEDINTI,IZVORU BÂRZII,2481
MEHEDINTI,JIANA,4184
MEHEDINTI,LIVEZILE,1424
MEHEDINTI,MALOVA?,2618
MEHEDINTI,OBÂR?IA DE CÂMP,1558
MEHEDINTI,OBÂR?IA-CLO?ANI,881
MEHEDINTI,OPRI?OR,1681
MEHEDINTI,PADINA,1073
MEHEDINTI,PATULELE,3038
MEHEDINTI,PODENI,686
MEHEDINTI,PONOARELE,2249
MEHEDINTI,POROINA MARE,866
MEHEDINTI,PRISTOL,1254
MEHEDINTI,PRUNI?OR,2129
MEHEDINTI,PUNGHINA,2381
MEHEDINTI,ROGOVA,1248
MEHEDINTI,SALCIA,2416
MEHEDINTI,?IMIAN,10021
MEHEDINTI,?I?E?TI,2417
MEHEDINTI,?OVARNA,993
MEHEDINTI,STÂNGACEAUA,1120
MEHEDINTI,SVINI?A,741
MEHEDINTI,TÂMNA,2881
MEHEDINTI,VÂNATORI,1922
MEHEDINTI,VÂNJULE?,2022
MEHEDINTI,VLADAIA,1372
MEHEDINTI,VOLOIAC,1420
MEHEDINTI,VRATA,1977
,MURES,518193
MURES,MUNICIPIUL TÂRGU MURE?,116033
MURES,MUNICIPIUL REGHIN,29742
MURES,MUNICIPIUL SIGHI?OARA,23927
MURES,MUNICIPIUL TÂRNAVENI,20604
MURES,ORA? IERNUT,8473
MURES,ORA? LUDU?,14757
MURES,ORA? MIERCUREA NIRAJULUI,5414
MURES,ORA? SÂNGEORGIU DE PADURE,4875
MURES,ORA? SARMA?U,6186
MURES,ORA? SOVATA,9703
MURES,ORA? UNGHENI,7007
MURES,ACA?ARI,5170
MURES,ADAMU?,4993
MURES,ALBE?TI,5392
MURES,ALUNI?,3058
MURES,APOLD,3065
MURES,A?INTI?,1500
MURES,BAGACIU,2542
MURES,BAHNEA,3528
MURES,BALA,618
MURES,BALAU?ERI,4852
MURES,BAND,6126
MURES,BATO?,3876
MURES,BEICA DE JOS,2459
MURES,BERENI,1188
MURES,BICHI?,715
MURES,BOGATA,1845
MURES,BRÂNCOVENE?TI,3559
MURES,BREAZA,2197
MURES,CEUA?U DE CÂMPIE,5992
MURES,CHE?ANI,2468
MURES,CHIBED,1730
MURES,CHIHERU DE JOS,1762
MURES,COROISÂNMARTIN,1330
MURES,CORUNCA,4407
MURES,COZMA,515
MURES,CRACIUNE?TI,4338
MURES,CRAIE?TI,755
MURES,CRISTE?TI,5592
MURES,CUCERDEA,1293
MURES,CUCI,1734
MURES,DANE?,4743
MURES,DEDA,3933
MURES,EREMITU,3952
MURES,ERNEI,5843
MURES,FÂNTÂNELE,4854
MURES,FARAGAU,1687
MURES,GALE?TI,2271
MURES,GANE?TI,3131
MURES,GHEORGHE DOJA,3101
MURES,GHINDARI,3034
MURES,GLODENI,3678
MURES,GORNE?TI,5072
MURES,GREBENI?U DE CÂMPIE,1681
MURES,GURGHIU,5530
MURES,HODAC,4942
MURES,HODO?A,1179
MURES,IBANE?TI,4049
MURES,ICLANZEL,1902
MURES,IDECIU DE JOS,1998
MURES,LIVEZENI,4610
MURES,LUNCA,2078
MURES,LUNCA BRADULUI,1666
MURES,MADARA?,1475
MURES,MAGHERANI,1332
MURES,MICA,4821
MURES,MIHE?U DE CÂMPIE,2140
MURES,NADE?,2864
MURES,NEAUA,1231
MURES,OGRA,2442
MURES,PANET,5725
MURES,PAPIU ILARIAN,827
MURES,PASARENI,1758
MURES,PETELEA,3088
MURES,POGACEAUA,1890
MURES,RÂCIU,3289
MURES,RASTOLI?A,1729
MURES,RU?II-MUN?I,1827
MURES,SÂNCRAIU DE MURE?,10403
MURES,SÂNGEORGIU DE MURE?,9688
MURES,SÂNGER,2133
MURES,SÂNPAUL,4320
MURES,SÂNPETRU DE CÂMPIE,2723
MURES,SÂNTANA DE MURE?,6612
MURES,SARA?ENI,1625
MURES,SASCHIZ,2080
MURES,?AULIA,1892
MURES,?INCAI,1499
MURES,SOLOVASTRU,3205
MURES,STÂNCENI,1325
MURES,SUPLAC,2047
MURES,SUSENI,2357
MURES,TAURENI,919
MURES,VALEA LARGA,2834
MURES,VÂNATORI,4131
MURES,VARGATA,1681
MURES,VATAVA,1709
MURES,VE?CA,753
MURES,VII?OARA,1802
MURES,VOIVODENI,1575
MURES,ZAGAR,1080
MURES,ZAU DE CÂMPIE,3108
,NEAMT,454203
NEAMT,MUNICIPIUL PIATRA-NEAM?,79679
NEAMT,MUNICIPIUL ROMAN,48644
NEAMT,ORA? BICAZ,6106
NEAMT,ORA? ROZNOV,8133
NEAMT,ORA? TÂRGU NEAM?,18029
NEAMT,AGAPIA,3696
NEAMT,ALEXANDRU CEL BUN,5570
NEAMT,BAHNA,2923
NEAMT,BAL?ATE?TI,3565
NEAMT,BÂRGAUANI,2904
NEAMT,BICAZ-CHEI,3862
NEAMT,BICAZU ARDELEAN,3236
NEAMT,BIRA,1532
NEAMT,BODE?TI,4286
NEAMT,BOGHICEA,2102
NEAMT,BORCA,5860
NEAMT,BORLE?TI,8182
NEAMT,BOTE?TI,3890
NEAMT,BOZIENI,2489
NEAMT,BRUSTURI,3686
NEAMT,CÂNDE?TI,3192
NEAMT,CEAHLAU,2035
NEAMT,CORDUN,6842
NEAMT,COSTI?A,2747
NEAMT,CRACAOANI,3670
NEAMT,DAMUC,2780
NEAMT,DOBRENI,1712
NEAMT,DOCHIA,2051
NEAMT,DOLJE?TI,5735
NEAMT,DRAGANE?TI,1533
NEAMT,DRAGOMIRE?TI,2030
NEAMT,DULCE?TI,2096
NEAMT,DUMBRAVA RO?IE,7579
NEAMT,FARCA?A,2812
NEAMT,FAUREI,1877
NEAMT,GÂDIN?I,1873
NEAMT,GÂRCINA,4889
NEAMT,GHERAE?TI,4715
NEAMT,GHINDAOANI,1629
NEAMT,GIROV,4760
NEAMT,GRIN?IE?,1925
NEAMT,GRUMAZE?TI,5295
NEAMT,HANGU,2987
NEAMT,HORIA,5750
NEAMT,ICU?E?TI,3715
NEAMT,ION CREANGA,4989
NEAMT,MARGINENI,2940
NEAMT,MOLDOVENI,1972
NEAMT,NEGRE?TI,1660
NEAMT,ONICENI,3351
NEAMT,PÂNCE?TI,1212
NEAMT,PÂNGARA?I,4396
NEAMT,PASTRAVENI,3709
NEAMT,PETRICANI,5563
NEAMT,PIATRA ?OIMULUI,6950
NEAMT,PIPIRIG,8352
NEAMT,PODOLENI,3911
NEAMT,POIANA TEIULUI,4089
NEAMT,POIENARI,1374
NEAMT,RAUCE?TI,7588
NEAMT,RAZBOIENI,1879
NEAMT,REDIU,4594
NEAMT,ROMÂNI,3616
NEAMT,RUGINOASA,1496
NEAMT,SABAOANI,10619
NEAMT,SAGNA,3975
NEAMT,SAVINE?TI,5438
NEAMT,SECUIENI,2809
NEAMT,STANI?A,1702
NEAMT,?TEFAN CEL MARE,2502
NEAMT,TAMA?ENI,6958
NEAMT,TARCAU,2952
NEAMT,TA?CA,2268
NEAMT,TAZLAU,2381
NEAMT,?IBUCANI,3508
NEAMT,TIMI?E?TI,3802
NEAMT,TRIFE?TI,4234
NEAMT,TUPILA?I,1991
NEAMT,URECHENI,3916
NEAMT,VALEA URSULUI,3436
NEAMT,VALENI,1208
NEAMT,VÂNATORI-NEAM?,7270
,ZANE?TI,4990
,OLT,383280
OLT,MUNICIPIUL SLATINA,63487
OLT,MUNICIPIUL CARACAL,27403
OLT,ORA? BAL?,16114
OLT,ORA? CORABIA,13527
OLT,ORA? DRAGANE?TI-OLT,9721
OLT,ORA? PIATRA-OLT,6000
OLT,ORA? POTCOAVA,5229
OLT,ORA? SCORNICE?TI,10795
OLT,BABICIU,1844
OLT,BALDOVINE?TI,922
OLT,BALTENI,1579
OLT,BARA?TI,1369
OLT,BÂRZA,2303
OLT,BOBICE?TI,3063
OLT,BRÂNCOVENI,2368
OLT,BRASTAVA?U,3860
OLT,BREBENI,2476
OLT,BUCINI?U,1796
OLT,CALUI,1276
OLT,CÂRLOGANI,1944
OLT,CEZIENI,1533
OLT,CILIENI,2796
OLT,COLONE?TI,1688
OLT,CORBU,2118
OLT,COTEANA,2071
OLT,CRÂMPOIA,3345
OLT,CUNGREA,1771
OLT,CURTI?OARA,4413
OLT,DANEASA,3217
OLT,DEVESELU,2872
OLT,DOBRE?U,1105
OLT,DOBROSLOVENI,3472
OLT,DOBROTEASA,1502
OLT,DOBRUN,1330
OLT,DRAGHICENI,1713
OLT,FAGE?ELU,1064
OLT,FALCOIU,3446
OLT,FARCA?ELE,4215
OLT,GANEASA,3498
OLT,GÂRCOV,2047
OLT,GAVANE?TI,1790
OLT,GHIMPE?ENI,1294
OLT,GIUVARA?TI,1924
OLT,GOSTAVA?U,2454
OLT,GRADINARI,2448
OLT,GRADINILE,1462
OLT,GROJDIBODU,2373
OLT,GURA PADINII,1539
OLT,IANCA,3232
OLT,IANCU JIANU,3511
OLT,ICOANA,1591
OLT,IPOTE?TI,1394
OLT,IZBICENI,4120
OLT,IZVOARELE,3218
OLT,LELEASCA,1198
OLT,MARUN?EI,3627
OLT,MIHAE?TI,1311
OLT,MILCOV,1595
OLT,MORUNGLAV,2125
OLT,MOVILENI,3137
OLT,NICOLAE TITULESCU,1114
OLT,OBÂR?IA,2131
OLT,OBOGA,1582
OLT,OPORELU,1015
OLT,OPTA?I-MAGURA,1095
OLT,ORLEA,1917
OLT,OSICA DE JOS,1538
OLT,OSICA DE SUS,4147
OLT,PÂR?COVENI,2744
OLT,PERIE?I,1856
OLT,PLE?OIU,2785
OLT,POBORU,1694
OLT,PRISEACA,1291
OLT,RADOMIRE?TI,2568
OLT,REDEA,2519
OLT,ROTUNDA,2394
OLT,RUSANE?TI,3843
OLT,SÂMBURE?TI,1058
OLT,SÂRBII-MAGURA,1789
OLT,SCARI?OARA,2901
OLT,SCHITU,2493
OLT,SEACA,1554
OLT,?ERBANE?TI,2601
OLT,SLATIOARA,2912
OLT,?OPÂRLI?A,1152
OLT,SPINENI,1791
OLT,SPRÂNCENATA,2008
OLT,?TEFAN CEL MARE,1499
OLT,STOENE?TI,2172
OLT,STOICANE?TI,2140
OLT,STREJE?TI,2726
OLT,STUDINA,2403
OLT,TATULE?TI,986
OLT,TESLUI,2490
OLT,TIA MARE,3870
OLT,TOPANA,755
OLT,TRAIAN,2638
OLT,TUFENI,2495
OLT,URZICA,2022
OLT,VADASTRA,1212
OLT,VADASTRI?A,3002
OLT,VÂLCELE,2271
OLT,VALEA MARE,3546
OLT,VALENI,2294
OLT,VERGULEASA,2836
OLT,VI?INA,2534
OLT,VI?INA NOUA,1512
OLT,VITOMIRE?TI,1807
OLT,VLADILA,1882
OLT,VOINEASA,2038
OLT,VULPENI,1900
OLT,VULTURE?TI,2123
,PRAHOVA,695119
PRAHOVA,MUNICIPIUL PLOIE?TI,180540
PRAHOVA,MUNICIPIUL CÂMPINA,28993
PRAHOVA,ORA? AZUGA,3901
PRAHOVA,ORA? BAICOI,16722
PRAHOVA,ORA? BOLDE?TI-SCAENI,10298
PRAHOVA,ORA? BREAZA,14871
PRAHOVA,ORA? BU?TENI,8368
PRAHOVA,ORA? COMARNIC,11106
PRAHOVA,ORA? MIZIL,12962
PRAHOVA,ORA? PLOPENI,6709
PRAHOVA,ORA? SINAIA,9071
PRAHOVA,ORA? SLANIC,4669
PRAHOVA,ORA? URLA?I,10131
PRAHOVA,ORA? VALENII DE MUNTE,12044
PRAHOVA,ADUNA?I,1896
PRAHOVA,ALBE?TI-PALEOLOGU,5145
PRAHOVA,ALUNI?,3351
PRAHOVA,APOSTOLACHE,1930
PRAHOVA,ARICE?TII RAHTIVANI,8173
PRAHOVA,ARICE?TII ZELETIN,1038
PRAHOVA,BABA ANA,3546
PRAHOVA,BALTA DOAMNEI,2374
PRAHOVA,BAL?E?TI,3350
PRAHOVA,BANE?TI,5426
PRAHOVA,BARCANE?TI,8762
PRAHOVA,BATRÂNI,1792
PRAHOVA,BERCENI,5925
PRAHOVA,BERTEA,2701
PRAHOVA,BLEJOI,9254
PRAHOVA,BOLDE?TI-GRADI?TEA,1433
PRAHOVA,BRAZI,7811
PRAHOVA,BREBU,6576
PRAHOVA,BUCOV,10787
PRAHOVA,CALUGARENI,1013
PRAHOVA,CARBUNE?TI,1450
PRAHOVA,CEPTURA,4019
PRAHOVA,CERA?U,4196
PRAHOVA,CHIOJDEANCA,1510
PRAHOVA,CIORANI,5934
PRAHOVA,COCORA?TII COL?,2681
PRAHOVA,COCORA?TII MISLII,3000
PRAHOVA,COLCEAG,4413
PRAHOVA,CORNU,4444
PRAHOVA,COSMINELE,926
PRAHOVA,DRAGANE?TI,4432
PRAHOVA,DRAJNA,5102
PRAHOVA,DUMBRAVA,4342
PRAHOVA,DUMBRAVE?TI,3294
PRAHOVA,FÂNTÂNELE,1821
PRAHOVA,FILIPE?TII DE PADURE,9736
PRAHOVA,FILIPE?TII DE TÂRG,7450
PRAHOVA,FLORE?TI,6891
PRAHOVA,FULGA,2889
PRAHOVA,GHERGHI?A,1918
PRAHOVA,GORGOTA,4696
PRAHOVA,GORNET,2670
PRAHOVA,GORNET-CRICOV,1976
PRAHOVA,GURA VADULUI,1979
PRAHOVA,GURA VITIOAREI,5571
PRAHOVA,IORDACHEANU,5107
PRAHOVA,IZVOARELE,6127
PRAHOVA,JUGURENI,449
PRAHOVA,LAPO?,983
PRAHOVA,LIPANE?TI,5264
PRAHOVA,MAGURELE,4444
PRAHOVA,MAGURENI,5674
PRAHOVA,MANECIU,9642
PRAHOVA,MANE?TI,3551
PRAHOVA,OLARI,1769
PRAHOVA,PACURE?I,1754
PRAHOVA,PAULE?TI,7985
PRAHOVA,PLOPU,2390
PRAHOVA,PODENII NOI,4590
PRAHOVA,POIANA CÂMPINA,4361
PRAHOVA,POIENARII BURCHII,4631
PRAHOVA,POSE?TI,3636
PRAHOVA,PREDEAL-SARARI,2127
PRAHOVA,PROVI?A DE JOS,2131
PRAHOVA,PROVI?A DE SUS,1719
PRAHOVA,PUCHENII MARI,7854
PRAHOVA,RÂFOV,5213
PRAHOVA,SALCIA,843
PRAHOVA,SALCIILE,1657
PRAHOVA,SÂNGERU,5230
PRAHOVA,SCOR?ENI,5087
PRAHOVA,SECARIA,1078
PRAHOVA,?IRNA,4243
PRAHOVA,?OIMARI,2611
PRAHOVA,?OTRILE,3142
PRAHOVA,STARCHIOJD,3299
PRAHOVA,?TEFE?TI,1929
PRAHOVA,SURANI,1635
PRAHOVA,TALEA,925
PRAHOVA,TÂRG?ORU VECHI,10434
PRAHOVA,TATARU,748
PRAHOVA,TEI?ANI,3343
PRAHOVA,TELEGA,4990
PRAHOVA,TINOSU,2138
PRAHOVA,TOM?ANI,3908
PRAHOVA,VADU SAPAT,1528
PRAHOVA,VÂLCANE?TI,3244
PRAHOVA,VALEA CALUGAREASCA,10096
PRAHOVA,VALEA DOFTANEI,5706
PRAHOVA,VARBILAU,5896
,SATU MARE,330668
SATU MARE,MUNICIPIUL SATU MARE,91520
SATU MARE,MUNICIPIUL CAREI,18957
SATU MARE,ORA? ARDUD,6124
SATU MARE,ORA? LIVADA,5892
SATU MARE,ORA? NEGRE?TI-OA?,14616
SATU MARE,ORA? TA?NAD,8058
SATU MARE,ACÂ?,2728
SATU MARE,AGRI?,1758
SATU MARE,ANDRID,2455
SATU MARE,APA,2534
SATU MARE,BÂRSAU,2199
SATU MARE,BATARCI,3612
SATU MARE,BELTIUG,3021
SATU MARE,BERVENI,3143
SATU MARE,BIXAD,6368
SATU MARE,BOGDAND,2715
SATU MARE,BOTIZ,3604
SATU MARE,CALINE?TI-OA?,5117
SATU MARE,CAMARZANA,2362
SATU MARE,CAMIN,1250
SATU MARE,CAPLENI,2851
SATU MARE,CAUA?,2259
SATU MARE,CEHAL,1279
SATU MARE,CERTEZE,5646
SATU MARE,CIUME?TI,1193
SATU MARE,CRAIDOROL?,2130
SATU MARE,CRUCI?OR,2195
SATU MARE,CULCIU,3712
SATU MARE,DOBA,2659
SATU MARE,DOROL?,3755
SATU MARE,FOIENI,1725
SATU MARE,GHER?A MICA,3881
SATU MARE,HALMEU,4276
SATU MARE,HODOD,2914
SATU MARE,HOMOROADE,1959
SATU MARE,LAZURI,5977
SATU MARE,MEDIE?U AURIT,6224
SATU MARE,MICULA,3265
SATU MARE,MOFTIN,4222
SATU MARE,ODOREU,5569
SATU MARE,ORA?U NOU,3389
SATU MARE,PAULE?TI,5775
SATU MARE,PETRE?TI,1388
SATU MARE,PIR,1413
SATU MARE,PI?COLT,2932
SATU MARE,POMI,1936
SATU MARE,PORUMBE?TI,2362
SATU MARE,RAC?A,3050
SATU MARE,SACA?ENI,1134
SATU MARE,SANISLAU,3223
SATU MARE,SANTAU,2200
SATU MARE,SAUCA,1477
SATU MARE,SOCOND,2763
SATU MARE,SUPUR,3990
SATU MARE,TARNA MARE,3563
SATU MARE,TÂR?OL?,3079
SATU MARE,TEREBE?TI,1864
SATU MARE,TIREAM,2068
SATU MARE,TUR?,7936
SATU MARE,TURULUNG,3409
SATU MARE,URZICENI,1407
SATU MARE,VALEA VINULUI,1582
SATU MARE,VAMA,3670
SATU MARE,VETI?,5384
SATU MARE,VIILE SATU MARE,3950
,SALAJ,212224
SALAJ,MUNICIPIUL ZALAU,52359
SALAJ,ORA? CEHU SILVANIEI,6369
SALAJ,ORA? JIBOU,9677
SALAJ,ORA? ?IMLEU SILVANIEI,13948
SALAJ,AGRIJ,1397
SALAJ,ALMA?U,1882
SALAJ,BABENI,1515
SALAJ,BALAN,3660
SALAJ,BANI?OR,1824
SALAJ,BENESAT,1354
SALAJ,BOBOTA,3527
SALAJ,BOC?A,3169
SALAJ,BOGHI?,1909
SALAJ,BUCIUMI,2402
SALAJ,CAMAR,1618
SALAJ,CARASTELEC,1044
SALAJ,CHIE?D,2271
SALAJ,CIZER,2116
SALAJ,CO?EIU,1110
SALAJ,CRASNA,6024
SALAJ,CREACA,2890
SALAJ,CRI?ENI,3326
SALAJ,CRISTOL?,1056
SALAJ,CUZAPLAC,1560
SALAJ,DOBRIN,1573
SALAJ,DRAGU,1559
SALAJ,FILDU DE JOS,1280
SALAJ,GÂLGAU,2313
SALAJ,GÂRBOU,1758
SALAJ,HALMA?D,2107
SALAJ,HERECLEAN,3941
SALAJ,HIDA,2869
SALAJ,HOROATU CRASNEI,2522
SALAJ,ILEANDA,2066
SALAJ,IP,3288
SALAJ,LETCA,1625
SALAJ,LOZNA,1027
SALAJ,MAERI?TE,2681
SALAJ,MARCA,2226
SALAJ,MESE?ENII DE JOS,3317
SALAJ,MIR?ID,2280
SALAJ,NAPRADEA,2633
SALAJ,NU?FALAU,3772
SALAJ,PERICEI,3497
SALAJ,PLOPI?,2277
SALAJ,POIANA BLENCHII,1094
SALAJ,ROMÂNA?I,3118
SALAJ,RUS,909
SALAJ,SÂG,3324
SALAJ,SALA?IG,2404
SALAJ,?AM?UD,1785
SALAJ,SÂNMIHAIU ALMA?ULUI,1556
SALAJ,?ARMA?AG,4772
SALAJ,?IMI?NA,833
SALAJ,SOME?-ODORHEI,2678
SALAJ,SURDUC,3337
SALAJ,TREZNEA,1013
SALAJ,VALCAU DE JOS,3009
SALAJ,VÂR?OL?,2069
SALAJ,ZALHA,767
SALAJ,ZIMBOR,938
,SIBIU,388326
SIBIU,MUNICIPIUL SIBIU,134309
SIBIU,MUNICIPIUL MEDIA?,39505
SIBIU,ORA? AGNITA,7564
SIBIU,ORA? AVRIG,12534
SIBIU,ORA? CISNADIE,22277
SIBIU,ORA? COP?A MICA,4570
SIBIU,ORA? DUMBRAVENI,6238
SIBIU,ORA? MIERCUREA SIBIULUI,3619
SIBIU,ORA? OCNA SIBIULUI,3434
SIBIU,ORA? SALI?TE,5710
SIBIU,ORA? TALMACIU,6711
SIBIU,ALMA,1692
SIBIU,AL?INA,1533
SIBIU,APOLDU DE JOS,1184
SIBIU,ARPA?U DE JOS,2594
SIBIU,A?EL,1263
SIBIU,AXENTE SEVER,3286
SIBIU,BÂRGHI?,1894
SIBIU,BAZNA,3329
SIBIU,BIERTAN,2239
SIBIU,BLAJEL,1967
SIBIU,BOI?A,1410
SIBIU,BRADENI,1368
SIBIU,BRATEIU,3333
SIBIU,BRUIU,671
SIBIU,CÂR?A,1042
SIBIU,CÂR?I?OARA,1260
SIBIU,CHIRPAR,1489
SIBIU,CRISTIAN,4116
SIBIU,DÂRLOS,2615
SIBIU,GURA RÂULUI,3522
SIBIU,HOGHILAG,2123
SIBIU,IACOBENI,2780
SIBIU,JINA,3396
SIBIU,LASLEA,3100
SIBIU,LOAMNE?,2562
SIBIU,LUDO?,584
SIBIU,MARPOD,982
SIBIU,MERGHINDEAL,1502
SIBIU,MICASASA,1698
SIBIU,MIHAILENI,973
SIBIU,MO?NA,2939
SIBIU,NOCRICH,3188
SIBIU,ORLAT,2964
SIBIU,PAUCA,1535
SIBIU,POIANA SIBIULUI,2346
SIBIU,POPLACA,1782
SIBIU,PORUMBACU DE JOS,2876
SIBIU,RACOVI?A,2606
SIBIU,RA?INARI,5362
SIBIU,RÂU SADULUI,514
SIBIU,RO?IA,6074
SIBIU,SADU,2561
SIBIU,?EICA MARE,3925
SIBIU,?EICA MICA,1519
SIBIU,?ELIMBAR,17492
SIBIU,SLIMNIC,3459
SIBIU,?URA MARE,4529
SIBIU,?URA MICA,3239
SIBIU,TÂRNAVA,3007
SIBIU,TILI?CA,1351
SIBIU,TURNU RO?U,2340
SIBIU,VALEA VIILOR,1962
SIBIU,VURPAR,2778
,SUCEAVA,642551
SUCEAVA,MUNICIPIUL SUCEAVA,84322
SUCEAVA,MUNICIPIUL CÂMPULUNG MOLDOVENESC,15642
SUCEAVA,MUNICIPIUL FALTICENI,23902
SUCEAVA,MUNICIPIUL RADAU?I,24292
SUCEAVA,MUNICIPIUL VATRA DORNEI,12578
SUCEAVA,ORA? BRO?TENI,5179
SUCEAVA,ORA? CAJVANA,9139
SUCEAVA,ORA? DOLHASCA,11007
SUCEAVA,ORA? FRASIN,5817
SUCEAVA,ORA? GURA HUMORULUI,13278
SUCEAVA,ORA? LITENI,8878
SUCEAVA,ORA? MILI?AU?I,4657
SUCEAVA,ORA? SALCEA,9513
SUCEAVA,ORA? SIRET,6708
SUCEAVA,ORA? SOLCA,2405
SUCEAVA,ORA? VICOVU DE SUS,15143
SUCEAVA,ADÂNCATA,4031
SUCEAVA,ARBORE,6887
SUCEAVA,BAIA,7261
SUCEAVA,BALACEANA,1342
SUCEAVA,BALCAU?I,2990
SUCEAVA,BERCHI?E?TI,3157
SUCEAVA,BILCA,3930
SUCEAVA,BOGDANE?TI,3694
SUCEAVA,BOROAIA,4383
SUCEAVA,BOSANCI,6802
SUCEAVA,BOTO?ANA,2292
SUCEAVA,BREAZA,1360
SUCEAVA,BRODINA,3406
SUCEAVA,BUNE?TI,2759
SUCEAVA,BURLA,2135
SUCEAVA,CACICA,3963
SUCEAVA,CALAFINDE?TI,2699
SUCEAVA,CAPU CÂMPULUI,2276
SUCEAVA,CÂRLIBABA,1588
SUCEAVA,CIOCANE?TI,1427
SUCEAVA,CIPRIAN PORUMBESCU,2090
SUCEAVA,COMANE?TI,2202
SUCEAVA,CORNU LUNCII,6177
SUCEAVA,CO?NA,1366
SUCEAVA,CRUCEA,1583
SUCEAVA,DARMANE?TI,4993
SUCEAVA,DOLHE?TI,3312
SUCEAVA,DORNA CANDRENILOR,2966
SUCEAVA,DORNA-ARINI,2828
SUCEAVA,DORNE?TI,4474
SUCEAVA,DRAGOIE?TI,2240
SUCEAVA,DRAGU?ENI,2324
SUCEAVA,DUMBRAVENI,7988
SUCEAVA,FÂNTÂNA MARE,2194
SUCEAVA,FÂNTÂNELE,4327
SUCEAVA,FORA?TI,3973
SUCEAVA,FRATAU?II NOI,5959
SUCEAVA,FRATAU?II VECHI,4782
SUCEAVA,FRUMOSU,2931
SUCEAVA,FUNDU MOLDOVEI,3720
SUCEAVA,GALANE?TI,2685
SUCEAVA,GRAME?TI,2756
SUCEAVA,GRANICE?TI,5263
SUCEAVA,HAN?E?TI,3776
SUCEAVA,HÂRTOP,2503
SUCEAVA,HORODNIC DE JOS,2253
SUCEAVA,HORODNIC DE SUS,5407
SUCEAVA,HORODNICENI,3233
SUCEAVA,IACOBENI,1614
SUCEAVA,IASLOVA?,4624
SUCEAVA,ILI?E?TI,2839
SUCEAVA,IPOTE?TI,9346
SUCEAVA,IZVOARELE SUCEVEI,1984
SUCEAVA,MALINI,6689
SUCEAVA,MANASTIREA HUMORULUI,3072
SUCEAVA,MARGINEA,11164
SUCEAVA,MITOCU DRAGOMIRNEI,5230
SUCEAVA,MOARA,5932
SUCEAVA,MOLDOVA-SULI?A,1671
SUCEAVA,MOLDOVI?A,4883
SUCEAVA,MU?ENI?A,1442
SUCEAVA,OSTRA,2932
SUCEAVA,PALTINOASA,6021
SUCEAVA,PANACI,2036
SUCEAVA,PÂRTE?TII DE JOS,2519
SUCEAVA,PATRAU?I,4890
SUCEAVA,POIANA STAMPEI,2119
SUCEAVA,POIENI-SOLCA,1941
SUCEAVA,POJORÂTA,2777
SUCEAVA,PREUTE?TI,6682
SUCEAVA,PUTNA,3658
SUCEAVA,RADA?ENI,3508
SUCEAVA,RÂ?CA,5101
SUCEAVA,SADOVA,2389
SUCEAVA,?ARU DORNEI,3905
SUCEAVA,SATU MARE,3232
SUCEAVA,?CHEIA,12792
SUCEAVA,?ERBAU?I,3119
SUCEAVA,SIMINICEA,2595
SUCEAVA,SLATINA,4837
SUCEAVA,STRAJA,5258
SUCEAVA,STROIE?TI,3332
SUCEAVA,STULPICANI,5362
SUCEAVA,SUCEVI?A,2520
SUCEAVA,TODIRE?TI,4810
SUCEAVA,UDE?TI,7384
SUCEAVA,ULMA,1873
SUCEAVA,VADU MOLDOVEI,4000
SUCEAVA,VALEA MOLDOVEI,4393
SUCEAVA,VAMA,5413
SUCEAVA,VATRA MOLDOVI?EI,3779
SUCEAVA,VERE?TI,6343
SUCEAVA,VICOVU DE JOS,5978
SUCEAVA,VOITINEL,5429
SUCEAVA,VOLOVA?,6106
SUCEAVA,VULTURE?TI,3408
SUCEAVA,ZAMOSTEA,2659
SUCEAVA,ZVORI?TEA,5814
,TELEORMAN,323544
TELEORMAN,MUNICIPIUL ALEXANDRIA,40390
TELEORMAN,MUNICIPIUL RO?IORI DE VEDE,22294
TELEORMAN,MUNICIPIUL TURNU MAGURELE,19597
TELEORMAN,ORA? VIDELE,10107
TELEORMAN,ORA? ZIMNICEA,12589
TELEORMAN,BABAI?A,2629
TELEORMAN,BALACI,1422
TELEORMAN,BECIU,1445
TELEORMAN,BEUCA,1143
TELEORMAN,BLEJE?TI,3655
TELEORMAN,BOGDANA,1948
TELEORMAN,BOTOROAGA,4588
TELEORMAN,BRAGADIRU,3327
TELEORMAN,BRÂNCENI,2688
TELEORMAN,BUJORENI,935
TELEORMAN,BUJORU,1706
TELEORMAN,BUZESCU,3707
TELEORMAN,CALINE?TI,2779
TELEORMAN,CALMA?UIU,1566
TELEORMAN,CALMA?UIU DE SUS,1732
TELEORMAN,CERVENIA,2414
TELEORMAN,CIOLANE?TI,2456
TELEORMAN,CIUPERCENI,1350
TELEORMAN,CON?E?TI,3012
TELEORMAN,COSME?TI,2357
TELEORMAN,CRÂNGENI,2274
TELEORMAN,CRÂNGU,1366
TELEORMAN,CREVENICU,1300
TELEORMAN,DIDE?TI,1134
TELEORMAN,DOBROTE?TI,3845
TELEORMAN,DRACEA,1575
TELEORMAN,DRAC?ENEI,1460
TELEORMAN,DRAGANE?TI DE VEDE,1974
TELEORMAN,DRAGANE?TI-VLA?CA,3698
TELEORMAN,FÂNTÂNELE,1305
TELEORMAN,FRASINET,2148
TELEORMAN,FRUMOASA,1721
TELEORMAN,FURCULE?TI,2915
TELEORMAN,GALATENI,2426
TELEORMAN,GRATIA,2571
TELEORMAN,ISLAZ,4256
TELEORMAN,IZVOARELE,2048
TELEORMAN,LISA,1964
TELEORMAN,LI?A,2073
TELEORMAN,LUNCA,3145
TELEORMAN,MAGURA,2299
TELEORMAN,MALDAENI,3559
TELEORMAN,MÂRZANE?TI,3200
TELEORMAN,MAVRODIN,2316
TELEORMAN,MERENI,2630
TELEORMAN,MO?TENI,1410
TELEORMAN,NANOV,3585
TELEORMAN,NASTURELU,2248
TELEORMAN,NEC?E?TI,1017
TELEORMAN,NENCIULE?TI,2238
TELEORMAN,OLTENI,3013
TELEORMAN,ORBEASCA,6472
TELEORMAN,PERETU,6090
TELEORMAN,PIATRA,2744
TELEORMAN,PIETRO?ANI,2407
TELEORMAN,PLOPII-SLAVITE?TI,2080
TELEORMAN,PLOSCA,5015
TELEORMAN,POENI,2985
TELEORMAN,POROSCHIA,4411
TELEORMAN,PURANI,1372
TELEORMAN,PUTINEIU,2058
TELEORMAN,RADOIE?TI,2129
TELEORMAN,RASMIRE?TI,887
TELEORMAN,SACENI,1011
TELEORMAN,SAELELE,1901
TELEORMAN,SALCIA,2010
TELEORMAN,SÂRBENI,1497
TELEORMAN,SCRIOA?TEA,3524
TELEORMAN,SCURTU MARE,1395
TELEORMAN,SEACA,2212
TELEORMAN,SEGARCEA-VALE,2660
TELEORMAN,SFIN?E?TI,947
TELEORMAN,SILI?TEA,2049
TELEORMAN,SILI?TEA-GUME?TI,2200
TELEORMAN,SLOBOZIA MÂNDRA,1358
TELEORMAN,SMÂRDIOASA,2117
TELEORMAN,STEJARU,1624
TELEORMAN,?TOROBANEASA,2655
TELEORMAN,SUHAIA,1879
TELEORMAN,TALPA,1679
TELEORMAN,TATARA?TII DE JOS,3162
TELEORMAN,TATARA?TII DE SUS,2781
TELEORMAN,?IGANE?TI,4012
TELEORMAN,TRAIAN,1421
TELEORMAN,TRIVALEA-MO?TENI,2282
TELEORMAN,TROIANUL,2424
TELEORMAN,UDA-CLOCOCIOV,1108
TELEORMAN,VÂRTOAPE,2711
TELEORMAN,VEDEA,2557
TELEORMAN,VII?OARA,1438
TELEORMAN,VITANE?TI,2539
TELEORMAN,ZÂMBREASCA,1192
,TIMIS,650533
TIMIS,MUNICIPIUL TIMI?OARA,250849
TIMIS,MUNICIPIUL LUGOJ,35450
TIMIS,ORA? BUZIA?,6834
TIMIS,ORA? CIACOVA,5434
TIMIS,ORA? DETA,5670
TIMIS,ORA? FAGET,6595
TIMIS,ORA? GATAIA,5473
TIMIS,ORA? JIMBOLIA,10179
TIMIS,ORA? RECA?,8347
TIMIS,ORA? SÂNNICOLAU MARE,10627
TIMIS,BALIN?,1489
TIMIS,BANLOC,2821
TIMIS,BARA,299
TIMIS,BÂRNA,1473
TIMIS,BEBA VECHE,1328
TIMIS,BECICHERECU MIC,2875
TIMIS,BELIN?,2410
TIMIS,BETHAUSEN,2908
TIMIS,BILED,3031
TIMIS,BIRDA,1819
TIMIS,BOGDA,448
TIMIS,BOLDUR,2407
TIMIS,BRESTOVA?,675
TIMIS,BUCOVA?,2512
TIMIS,CARPINI?,4278
TIMIS,CENAD,3537
TIMIS,CENEI,2760
TIMIS,CHECEA,2238
TIMIS,CHEVERE?U MARE,2369
TIMIS,COMLO?U MARE,4892
TIMIS,CO?TEIU,3815
TIMIS,CRICIOVA,1493
TIMIS,CURTEA,1228
TIMIS,DAROVA,3074
TIMIS,DENTA,2800
TIMIS,DUDE?TII NOI,3665
TIMIS,DUDE?TII VECHI,3827
TIMIS,DUMBRAVA,2512
TIMIS,DUMBRAVI?A,20014
TIMIS,FÂRDEA,1562
TIMIS,FIBI?,1795
TIMIS,FOENI,1500
TIMIS,GAVOJDIA,2719
TIMIS,GHILAD,2017
TIMIS,GHIRODA,8866
TIMIS,GHIZELA,1113
TIMIS,GIARMATA,6831
TIMIS,GIERA,1131
TIMIS,GIROC,22270
TIMIS,GIULVAZ,3072
TIMIS,GOTTLOB,1822
TIMIS,IECEA MARE,3111
TIMIS,JAMU MARE,2748
TIMIS,JEBEL,3781
TIMIS,LENAUHEIM,5349
TIMIS,LIEBLING,3358
TIMIS,LIVEZILE,1374
TIMIS,LOVRIN,2866
TIMIS,MANA?TIUR,1649
TIMIS,MARGINA,2074
TIMIS,MA?LOC,2236
TIMIS,MORAVI?A,1990
TIMIS,MO?NI?A NOUA,16424
TIMIS,NADRAG,2371
TIMIS,NI?CHIDORF,1483
TIMIS,OHABA LUNGA,904
TIMIS,OR?I?OARA,4104
TIMIS,OTELEC,1657
TIMIS,PADURENI,2052
TIMIS,PAR?A,2351
TIMIS,PECIU NOU,4931
TIMIS,PERIAM,4196
TIMIS,PESAC,1835
TIMIS,PIETROASA,1012
TIMIS,PI?CHIA,3167
TIMIS,RACOVI?A,2924
TIMIS,REMETEA MARE,2908
TIMIS,SACALAZ,9223
TIMIS,SACO?U TURCESC,3392
TIMIS,?AG,5303
TIMIS,SÂNANDREI,7137
TIMIS,?ANDRA,2931
TIMIS,SÂNMIHAIU ROMÂN,8419
TIMIS,SÂNPETRU MARE,2680
TIMIS,SARAVALE,2610
TIMIS,SATCHINEZ,4439
TIMIS,SECA?,320
TIMIS,?TIUCA,2160
TIMIS,TEREMIA MARE,3603
TIMIS,TOME?TI,1879
TIMIS,TOMNATIC,3106
TIMIS,TOPOLOVA?U MARE,2576
TIMIS,TORMAC,2852
TIMIS,TRAIAN VUIA,2130
TIMIS,UIVAR,2471
TIMIS,VALCANI,1225
TIMIS,VARIA?,5293
TIMIS,VICTOR VLAD DELAMARINA,2467
TIMIS,VOITEG,2309
,TULCEA,193355
TULCEA,MUNICIPIUL TULCEA,65624
TULCEA,ORA? BABADAG,9213
TULCEA,ORA? ISACCEA,4408
TULCEA,ORA? MACIN,7248
TULCEA,ORA? SULINA,3118
TULCEA,BAIA,4161
TULCEA,BEIDAUD,1599
TULCEA,BE?TEPE,1510
TULCEA,C.A. ROSETTI,636
TULCEA,CARCALIU,2136
TULCEA,CASIMCEA,2555
TULCEA,CEAMURLIA DE JOS,2122
TULCEA,CEATALCHIOI,531
TULCEA,CERNA,3051
TULCEA,CHILIA VECHE,1728
TULCEA,CIUCUROVA,1725
TULCEA,CRI?AN,1092
TULCEA,DAENI,1772
TULCEA,DOROBAN?U,1202
TULCEA,FRECA?EI,3415
TULCEA,GRECI,4692
TULCEA,GRINDU,1271
TULCEA,HAMCEARCA,1334
TULCEA,HORIA,1256
TULCEA,I.C.BRATIANU,1143
TULCEA,IZVOARELE,1760
TULCEA,JIJILA,4834
TULCEA,JURILOVCA,3694
TULCEA,LUNCAVI?A,3536
TULCEA,MAHMUDIA,2163
TULCEA,MALIUC,813
TULCEA,MIHAI BRAVU,2245
TULCEA,MIHAIL KOGALNICEANU,2736
TULCEA,MURIGHIOL,2959
TULCEA,NALBANT,2113
TULCEA,NICULI?EL,3774
TULCEA,NUFARU,2644
TULCEA,OSTROV,1764
TULCEA,PARDINA,489
TULCEA,PECENEAGA,1465
TULCEA,SARICHIOI,5226
TULCEA,SFÂNTU GHEORGHE,639
TULCEA,SLAVA CERCHEZA,1962
TULCEA,SMÂRDAN,960
TULCEA,SOMOVA,4878
TULCEA,STEJARU,1242
TULCEA,TOPOLOG,3958
TULCEA,TURCOAIA,2822
TULCEA,VACARENI,1956
TULCEA,VALEA NUCARILOR,2892
TULCEA,VALEA TEILOR,1289
,VASLUI,374700
VASLUI,MUNICIPIUL VASLUI,63035
VASLUI,MUNICIPIUL BÂRLAD,52475
VASLUI,MUNICIPIUL HU?I,25045
VASLUI,ORA? MURGENI,6853
VASLUI,ORA? NEGRE?TI,7530
VASLUI,ALBE?TI,2330
VASLUI,ALEXANDRU VLAHU?A,1333
VASLUI,ARSURA,1416
VASLUI,BACANI,2716
VASLUI,BACE?TI,4293
VASLUI,BALTENI,1585
VASLUI,BANCA,4991
VASLUI,BEREZENI,4487
VASLUI,BLAGE?TI,1178
VASLUI,BOGDANA,1313
VASLUI,BOGDANE?TI,3369
VASLUI,BOGDANI?A,1292
VASLUI,BO?E?TI,1736
VASLUI,BUNE?TI-AVERE?TI,2088
VASLUI,CIOCANI,1573
VASLUI,CODAE?TI,3912
VASLUI,COROIE?TI,1593
VASLUI,COSTE?TI,2477
VASLUI,COZME?TI,1840
VASLUI,CRE?E?TI,1620
VASLUI,DANE?TI,1723
VASLUI,DELENI,1837
VASLUI,DELE?TI,1861
VASLUI,DIMITRIE CANTEMIR,2198
VASLUI,DODE?TI,1544
VASLUI,DRAGOMIRE?TI,4389
VASLUI,DRÂNCENI,3956
VASLUI,DUDA-EPURENI,3324
VASLUI,DUME?TI,2963
VASLUI,EPURENI,2542
VASLUI,FALCIU,3731
VASLUI,FERE?TI,1871
VASLUI,FRUNTI?ENI,1636
VASLUI,GAGE?TI,1843
VASLUI,GÂRCENI,2204
VASLUI,GHERGHE?TI,2066
VASLUI,GRIVI?A,3288
VASLUI,HOCENI,2237
VASLUI,IANA,3635
VASLUI,IBANE?TI,1317
VASLUI,IVANE?TI,3857
VASLUI,IVE?TI,2433
VASLUI,LAZA,2975
VASLUI,LIPOVA?,4024
VASLUI,LUNCA BANULUI,3232
VASLUI,MALU?TENI,1802
VASLUI,MICLE?TI,2143
VASLUI,MUNTENII DE JOS,4090
VASLUI,MUNTENII DE SUS,2866
VASLUI,OLTENE?TI,2108
VASLUI,O?E?TI,2870
VASLUI,PADURENI,3436
VASLUI,PERIENI,3580
VASLUI,POCHIDIA,1575
VASLUI,POGANA,3007
VASLUI,POGONE?TI,1430
VASLUI,POIENE?TI,2472
VASLUI,PUIE?TI,4121
VASLUI,PUNGE?TI,2840
VASLUI,PU?CA?I,3501
VASLUI,RAFAILA,1563
VASLUI,REBRICEA,3100
VASLUI,RO?IE?TI,2726
VASLUI,SOLE?TI,3114
VASLUI,STANILE?TI,5006
VASLUI,?TEFAN CEL MARE,2999
VASLUI,?ULETEA,2066
VASLUI,TACUTA,2748
VASLUI,TANACU,1724
VASLUI,TATARANI,1925
VASLUI,TODIRE?TI,2958
VASLUI,TUTOVA,2952
VASLUI,VALENI,3945
VASLUI,VETRI?OAIA,2638
VASLUI,VII?OARA,1535
VASLUI,VINDEREI,3706
VASLUI,VOINE?TI,3283
VASLUI,VULTURE?TI,2031
VASLUI,VUTCANI,1527
VASLUI,ZAPODENI,3743
VASLUI,ZORLENI,8804
,VALCEA,341861
VALCEA,MUNICIPIUL RÂMNICU VÂLCEA,93151
VALCEA,MUNICIPIUL DRAGA?ANI,15617
VALCEA,ORA? BABENI,7570
VALCEA,ORA? BAILE GOVORA,2158
VALCEA,ORA? BAILE OLANE?TI,3750
VALCEA,ORA? BALCE?TI,4235
VALCEA,ORA? BERBE?TI,4231
VALCEA,ORA? BREZOI,5696
VALCEA,ORA? CALIMANE?TI,7348
VALCEA,ORA? HOREZU,6467
VALCEA,ORA? OCNELE MARI,3134
VALCEA,ALUNU,3733
VALCEA,AMARA?TI,1530
VALCEA,BARBATE?TI,2853
VALCEA,BERISLAVE?TI,2418
VALCEA,BOI?OARA,967
VALCEA,BUDE?TI,6652
VALCEA,BUJORENI,5305
VALCEA,BUNE?TI,2438
VALCEA,CÂINENI,2484
VALCEA,CERNI?OARA,3298
VALCEA,COPACENI,2468
VALCEA,COSTE?TI,2738
VALCEA,CRE?ENI,1934
VALCEA,DAE?TI,2966
VALCEA,DANICEI,1667
VALCEA,DICULE?TI,1684
VALCEA,DRAGOE?TI,1724
VALCEA,FÂRTA?E?TI,3262
VALCEA,FAURE?TI,1224
VALCEA,FRÂNCE?TI,4989
VALCEA,GALICEA,3268
VALCEA,GHIOROIU,1344
VALCEA,GLAVILE,1514
VALCEA,GOLE?TI,2549
VALCEA,GRADI?TEA,2332
VALCEA,GU?OENI,1161
VALCEA,IONE?TI,3762
VALCEA,LACUSTENI,1196
VALCEA,LADE?TI,1563
VALCEA,LALO?U,2164
VALCEA,LAPU?ATA,1859
VALCEA,LIVEZI,2014
VALCEA,LUNGE?TI,3149
VALCEA,MACIUCA,1545
VALCEA,MADULARI,1197
VALCEA,MALAIA,1639
VALCEA,MALDARE?TI,1715
VALCEA,MATEE?TI,2898
VALCEA,MIHAE?TI,6799
VALCEA,MILCOIU,1083
VALCEA,MITROFANI,800
VALCEA,MUEREASCA,2063
VALCEA,NICOLAE BALCESCU,3253
VALCEA,OLANU,2501
VALCEA,ORLE?TI,2562
VALCEA,OTE?ANI,2275
VALCEA,PAU?E?TI,2349
VALCEA,PAU?E?TI-MAGLA?I,3929
VALCEA,PERI?ANI,1844
VALCEA,PESCEANA,1317
VALCEA,PIETRARI,2647
VALCEA,POPE?TI,2857
VALCEA,PRUNDENI,3277
VALCEA,RACOVI?A,1684
VALCEA,ROE?TI,1942
VALCEA,RO?IILE,2247
VALCEA,RUNCU,860
VALCEA,SALATRUCEL,1932
VALCEA,SCUNDU,1723
VALCEA,SINE?TI,2181
VALCEA,?IRINEASA,2099
VALCEA,SLATIOARA,3366
VALCEA,STANE?TI,989
VALCEA,?TEFANE?TI,3106
VALCEA,STOENE?TI,3203
VALCEA,STOILE?TI,3341
VALCEA,STROE?TI,2336
VALCEA,?U?ANI,2979
VALCEA,SUTE?TI,1683
VALCEA,TETOIU,2206
VALCEA,TITE?TI,646
VALCEA,TOM?ANI,3321
VALCEA,VAIDEENI,3634
VALCEA,VALEA MARE,2363
VALCEA,VLADE?TI,3330
VALCEA,VOICE?TI,1416
VALCEA,VOINEASA,1224
VALCEA,ZATRENI,1934
,VRANCEA,335312
VRANCEA,MUNICIPIUL FOC?ANI,66648
VRANCEA,MUNICIPIUL ADJUD,15178
VRANCEA,ORA? MARA?E?TI,11314
VRANCEA,ORA? ODOBE?TI,9423
VRANCEA,ORA? PANCIU,6921
VRANCEA,ANDREIA?U DE JOS,1461
VRANCEA,BALE?TI,1938
VRANCEA,BÂRSE?TI,1132
VRANCEA,BILIE?TI,2395
VRANCEA,BOGHE?TI,1264
VRANCEA,BOLOTE?TI,5203
VRANCEA,BORDE?TI,1584
VRANCEA,BRO?TENI,2388
VRANCEA,CÂMPINEANCA,4595
VRANCEA,CÂMPURI,3443
VRANCEA,CÂRLIGELE,3378
VRANCEA,CHIOJDENI,2352
VRANCEA,CIORA?TI,2745
VRANCEA,CORBI?A,1598
VRANCEA,COTE?TI,4772
VRANCEA,DUMBRAVENI,4174
VRANCEA,DUMITRE?TI,4089
VRANCEA,FITIONE?TI,2318
VRANCEA,GAROAFA,4432
VRANCEA,GOLE?TI,4885
VRANCEA,GOLOGANU,2705
VRANCEA,GUGE?TI,6091
VRANCEA,GURA CALI?EI,2558
VRANCEA,HOMOCEA,7312
VRANCEA,JARI?TEA,4027
VRANCEA,JITIA,1443
VRANCEA,MAICANE?TI,3826
VRANCEA,MERA,3671
VRANCEA,MILCOVUL,3537
VRANCEA,MOVILI?A,3476
VRANCEA,NANE?TI,1849
VRANCEA,NARUJA,1806
VRANCEA,NEGRILE?TI,1464
VRANCEA,NEREJU,4240
VRANCEA,NISTORE?TI,1840
VRANCEA,OBREJI?A,1544
VRANCEA,PALTIN,1968
VRANCEA,PAULE?TI,1815
VRANCEA,PAUNE?TI,5923
VRANCEA,PLOSCU?ENI,2672
VRANCEA,POIANA CRISTEI,2618
VRANCEA,POPE?TI,2814
VRANCEA,PUFE?TI,4174
VRANCEA,RACOASA,3148
VRANCEA,RASTOACA,2059
VRANCEA,REGHIU,2039
VRANCEA,RUGINE?TI,4129
VRANCEA,SIHLEA,4989
VRANCEA,SLOBOZIA BRADULUI,8930
VRANCEA,SLOBOZIA CIORA?TI,1660
VRANCEA,SOVEJA,2007
VRANCEA,SPULBER,1241
VRANCEA,STRAOANE,3435
VRANCEA,SURAIA,5705
VRANCEA,TÂMBOE?TI,3151
VRANCEA,TANASOAIA,1812
VRANCEA,TATARANU,3910
VRANCEA,?IFE?TI,5028
VRANCEA,TULNICI,4137
VRANCEA,URECHE?TI,2783
VRANCEA,VALEA SARII,1899
VRANCEA,VÂNATORI,6624
VRANCEA,VÂRTE?COIU,3421
VRANCEA,VIDRA,5829
VRANCEA,VINTILEASCA,1724
VRANCEA,VIZANTEA-LIVEZI,3614
VRANCEA,VRÂNCIOAIA,2162
VRANCEA,VULTURU,6873
,,
,,
,,
,,
,,
,,
,,
,,
,,
,,
,,
,,
,,
,,
,,
